(0.003) 
            SELECT
                c.relname,
                CASE
                    WHEN c.relispartition THEN 'p'
                    WHEN c.relkind IN ('m', 'v') THEN 'v'
                    ELSE 't'
                END,
                obj_description(c.oid, 'pg_class')
            FROM pg_catalog.pg_class c
            LEFT JOIN pg_catalog.pg_namespace n ON n.oid = c.relnamespace
            WHERE c.relkind IN ('f', 'm', 'p', 'r', 'v')
                AND n.nspname NOT IN ('pg_catalog', 'pg_toast')
                AND pg_catalog.pg_table_is_visible(c.oid)
        ; args=None; alias=default
(0.001) SELECT "django_migrations"."id", "django_migrations"."app", "django_migrations"."name", "django_migrations"."applied" FROM "django_migrations"; args=(); alias=default
(0.003) 
            SELECT
                c.relname,
                CASE
                    WHEN c.relispartition THEN 'p'
                    WHEN c.relkind IN ('m', 'v') THEN 'v'
                    ELSE 't'
                END,
                obj_description(c.oid, 'pg_class')
            FROM pg_catalog.pg_class c
            LEFT JOIN pg_catalog.pg_namespace n ON n.oid = c.relnamespace
            WHERE c.relkind IN ('f', 'm', 'p', 'r', 'v')
                AND n.nspname NOT IN ('pg_catalog', 'pg_toast')
                AND pg_catalog.pg_table_is_visible(c.oid)
        ; args=None; alias=default
(0.001) SELECT "django_migrations"."id", "django_migrations"."app", "django_migrations"."name", "django_migrations"."applied" FROM "django_migrations"; args=(); alias=default
(0.001) 
            SELECT
                c.relname,
                CASE
                    WHEN c.relispartition THEN 'p'
                    WHEN c.relkind IN ('m', 'v') THEN 'v'
                    ELSE 't'
                END,
                obj_description(c.oid, 'pg_class')
            FROM pg_catalog.pg_class c
            LEFT JOIN pg_catalog.pg_namespace n ON n.oid = c.relnamespace
            WHERE c.relkind IN ('f', 'm', 'p', 'r', 'v')
                AND n.nspname NOT IN ('pg_catalog', 'pg_toast')
                AND pg_catalog.pg_table_is_visible(c.oid)
        ; args=None; alias=default
(0.000) SELECT "django_migrations"."id", "django_migrations"."app", "django_migrations"."name", "django_migrations"."applied" FROM "django_migrations"; args=(); alias=default
(0.002) 
            SELECT
                c.relname,
                CASE
                    WHEN c.relispartition THEN 'p'
                    WHEN c.relkind IN ('m', 'v') THEN 'v'
                    ELSE 't'
                END,
                obj_description(c.oid, 'pg_class')
            FROM pg_catalog.pg_class c
            LEFT JOIN pg_catalog.pg_namespace n ON n.oid = c.relnamespace
            WHERE c.relkind IN ('f', 'm', 'p', 'r', 'v')
                AND n.nspname NOT IN ('pg_catalog', 'pg_toast')
                AND pg_catalog.pg_table_is_visible(c.oid)
        ; args=None; alias=default
(0.001) 
            SELECT
                c.relname,
                CASE
                    WHEN c.relispartition THEN 'p'
                    WHEN c.relkind IN ('m', 'v') THEN 'v'
                    ELSE 't'
                END,
                obj_description(c.oid, 'pg_class')
            FROM pg_catalog.pg_class c
            LEFT JOIN pg_catalog.pg_namespace n ON n.oid = c.relnamespace
            WHERE c.relkind IN ('f', 'm', 'p', 'r', 'v')
                AND n.nspname NOT IN ('pg_catalog', 'pg_toast')
                AND pg_catalog.pg_table_is_visible(c.oid)
        ; args=None; alias=default
(0.000) SELECT "django_migrations"."id", "django_migrations"."app", "django_migrations"."name", "django_migrations"."applied" FROM "django_migrations"; args=(); alias=default
(0.001) SELECT "django_content_type"."id", "django_content_type"."app_label", "django_content_type"."model" FROM "django_content_type" WHERE "django_content_type"."app_label" = 'admin'; args=('admin',); alias=default
(0.000) SELECT "django_content_type"."id", "django_content_type"."app_label", "django_content_type"."model" FROM "django_content_type" WHERE ("django_content_type"."app_label" = 'admin' AND "django_content_type"."model" = 'logentry') LIMIT 21; args=('admin', 'logentry'); alias=default
(0.001) SELECT "auth_permission"."content_type_id", "auth_permission"."codename" FROM "auth_permission" INNER JOIN "django_content_type" ON ("auth_permission"."content_type_id" = "django_content_type"."id") WHERE "auth_permission"."content_type_id" IN (1) ORDER BY "django_content_type"."app_label" ASC, "django_content_type"."model" ASC, "auth_permission"."codename" ASC; args=(1,); alias=default
(0.000) SELECT "django_content_type"."id", "django_content_type"."app_label", "django_content_type"."model" FROM "django_content_type" WHERE "django_content_type"."app_label" = 'admin'; args=('admin',); alias=default
(0.000) SELECT "django_content_type"."id", "django_content_type"."app_label", "django_content_type"."model" FROM "django_content_type" WHERE "django_content_type"."app_label" = 'auth'; args=('auth',); alias=default
(0.000) SELECT "django_content_type"."id", "django_content_type"."app_label", "django_content_type"."model" FROM "django_content_type" WHERE ("django_content_type"."app_label" = 'auth' AND "django_content_type"."model" = 'permission') LIMIT 21; args=('auth', 'permission'); alias=default
(0.000) SELECT "django_content_type"."id", "django_content_type"."app_label", "django_content_type"."model" FROM "django_content_type" WHERE ("django_content_type"."app_label" = 'auth' AND "django_content_type"."model" = 'group') LIMIT 21; args=('auth', 'group'); alias=default
(0.001) SELECT "auth_permission"."content_type_id", "auth_permission"."codename" FROM "auth_permission" INNER JOIN "django_content_type" ON ("auth_permission"."content_type_id" = "django_content_type"."id") WHERE "auth_permission"."content_type_id" IN (2, 3) ORDER BY "django_content_type"."app_label" ASC, "django_content_type"."model" ASC, "auth_permission"."codename" ASC; args=(2, 3); alias=default
(0.000) SELECT "django_content_type"."id", "django_content_type"."app_label", "django_content_type"."model" FROM "django_content_type" WHERE "django_content_type"."app_label" = 'auth'; args=('auth',); alias=default
(0.000) SELECT "django_content_type"."id", "django_content_type"."app_label", "django_content_type"."model" FROM "django_content_type" WHERE "django_content_type"."app_label" = 'contenttypes'; args=('contenttypes',); alias=default
(0.000) SELECT "django_content_type"."id", "django_content_type"."app_label", "django_content_type"."model" FROM "django_content_type" WHERE ("django_content_type"."app_label" = 'contenttypes' AND "django_content_type"."model" = 'contenttype') LIMIT 21; args=('contenttypes', 'contenttype'); alias=default
(0.001) SELECT "auth_permission"."content_type_id", "auth_permission"."codename" FROM "auth_permission" INNER JOIN "django_content_type" ON ("auth_permission"."content_type_id" = "django_content_type"."id") WHERE "auth_permission"."content_type_id" IN (4) ORDER BY "django_content_type"."app_label" ASC, "django_content_type"."model" ASC, "auth_permission"."codename" ASC; args=(4,); alias=default
(0.000) SELECT "django_content_type"."id", "django_content_type"."app_label", "django_content_type"."model" FROM "django_content_type" WHERE "django_content_type"."app_label" = 'contenttypes'; args=('contenttypes',); alias=default
(0.000) SELECT "django_content_type"."id", "django_content_type"."app_label", "django_content_type"."model" FROM "django_content_type" WHERE "django_content_type"."app_label" = 'sessions'; args=('sessions',); alias=default
(0.000) SELECT "django_content_type"."id", "django_content_type"."app_label", "django_content_type"."model" FROM "django_content_type" WHERE ("django_content_type"."app_label" = 'sessions' AND "django_content_type"."model" = 'session') LIMIT 21; args=('sessions', 'session'); alias=default
(0.001) SELECT "auth_permission"."content_type_id", "auth_permission"."codename" FROM "auth_permission" INNER JOIN "django_content_type" ON ("auth_permission"."content_type_id" = "django_content_type"."id") WHERE "auth_permission"."content_type_id" IN (5) ORDER BY "django_content_type"."app_label" ASC, "django_content_type"."model" ASC, "auth_permission"."codename" ASC; args=(5,); alias=default
(0.000) SELECT "django_content_type"."id", "django_content_type"."app_label", "django_content_type"."model" FROM "django_content_type" WHERE "django_content_type"."app_label" = 'sessions'; args=('sessions',); alias=default
(0.000) SELECT "django_content_type"."id", "django_content_type"."app_label", "django_content_type"."model" FROM "django_content_type" WHERE "django_content_type"."app_label" = 'fb'; args=('fb',); alias=default
(0.000) SELECT "django_content_type"."id", "django_content_type"."app_label", "django_content_type"."model" FROM "django_content_type" WHERE ("django_content_type"."app_label" = 'fb' AND "django_content_type"."model" = 'customuser') LIMIT 21; args=('fb', 'customuser'); alias=default
(0.000) SELECT "django_content_type"."id", "django_content_type"."app_label", "django_content_type"."model" FROM "django_content_type" WHERE ("django_content_type"."app_label" = 'fb' AND "django_content_type"."model" = 'userprofile') LIMIT 21; args=('fb', 'userprofile'); alias=default
(0.000) SELECT "django_content_type"."id", "django_content_type"."app_label", "django_content_type"."model" FROM "django_content_type" WHERE ("django_content_type"."app_label" = 'fb' AND "django_content_type"."model" = 'createpost') LIMIT 21; args=('fb', 'createpost'); alias=default
(0.001) SELECT "django_content_type"."id", "django_content_type"."app_label", "django_content_type"."model" FROM "django_content_type" WHERE ("django_content_type"."app_label" = 'fb' AND "django_content_type"."model" = 'follow') LIMIT 21; args=('fb', 'follow'); alias=default
(0.000) SELECT "django_content_type"."id", "django_content_type"."app_label", "django_content_type"."model" FROM "django_content_type" WHERE ("django_content_type"."app_label" = 'fb' AND "django_content_type"."model" = 'comment') LIMIT 21; args=('fb', 'comment'); alias=default
(0.000) SELECT "django_content_type"."id", "django_content_type"."app_label", "django_content_type"."model" FROM "django_content_type" WHERE ("django_content_type"."app_label" = 'fb' AND "django_content_type"."model" = 'friendrequest') LIMIT 21; args=('fb', 'friendrequest'); alias=default
(0.001) SELECT "auth_permission"."content_type_id", "auth_permission"."codename" FROM "auth_permission" INNER JOIN "django_content_type" ON ("auth_permission"."content_type_id" = "django_content_type"."id") WHERE "auth_permission"."content_type_id" IN (6, 7, 8, 9, 10, 11) ORDER BY "django_content_type"."app_label" ASC, "django_content_type"."model" ASC, "auth_permission"."codename" ASC; args=(6, 7, 8, 9, 10, 11); alias=default
(0.000) SELECT "django_content_type"."id", "django_content_type"."app_label", "django_content_type"."model" FROM "django_content_type" WHERE "django_content_type"."app_label" = 'fb'; args=('fb',); alias=default
(0.000) SELECT "django_content_type"."id", "django_content_type"."app_label", "django_content_type"."model" FROM "django_content_type" WHERE "django_content_type"."app_label" = 'rest_framework_simplejwt'; args=('rest_framework_simplejwt',); alias=default
(0.000) SELECT "django_content_type"."id", "django_content_type"."app_label", "django_content_type"."model" FROM "django_content_type" WHERE "django_content_type"."app_label" = 'rest_framework_simplejwt'; args=('rest_framework_simplejwt',); alias=default
(0.000) SELECT "django_content_type"."id", "django_content_type"."app_label", "django_content_type"."model" FROM "django_content_type" WHERE "django_content_type"."app_label" = 'token_blacklist'; args=('token_blacklist',); alias=default
(0.000) SELECT "django_content_type"."id", "django_content_type"."app_label", "django_content_type"."model" FROM "django_content_type" WHERE ("django_content_type"."app_label" = 'token_blacklist' AND "django_content_type"."model" = 'blacklistedtoken') LIMIT 21; args=('token_blacklist', 'blacklistedtoken'); alias=default
(0.000) SELECT "django_content_type"."id", "django_content_type"."app_label", "django_content_type"."model" FROM "django_content_type" WHERE ("django_content_type"."app_label" = 'token_blacklist' AND "django_content_type"."model" = 'outstandingtoken') LIMIT 21; args=('token_blacklist', 'outstandingtoken'); alias=default
(0.001) SELECT "auth_permission"."content_type_id", "auth_permission"."codename" FROM "auth_permission" INNER JOIN "django_content_type" ON ("auth_permission"."content_type_id" = "django_content_type"."id") WHERE "auth_permission"."content_type_id" IN (16, 15) ORDER BY "django_content_type"."app_label" ASC, "django_content_type"."model" ASC, "auth_permission"."codename" ASC; args=(16, 15); alias=default
(0.000) SELECT "django_content_type"."id", "django_content_type"."app_label", "django_content_type"."model" FROM "django_content_type" WHERE "django_content_type"."app_label" = 'token_blacklist'; args=('token_blacklist',); alias=default
(0.000) SELECT "django_content_type"."id", "django_content_type"."app_label", "django_content_type"."model" FROM "django_content_type" WHERE "django_content_type"."app_label" = 'django_celery_results'; args=('django_celery_results',); alias=default
(0.001) SELECT "django_content_type"."id", "django_content_type"."app_label", "django_content_type"."model" FROM "django_content_type" WHERE ("django_content_type"."app_label" = 'django_celery_results' AND "django_content_type"."model" = 'taskresult') LIMIT 21; args=('django_celery_results', 'taskresult'); alias=default
(0.000) SELECT "django_content_type"."id", "django_content_type"."app_label", "django_content_type"."model" FROM "django_content_type" WHERE ("django_content_type"."app_label" = 'django_celery_results' AND "django_content_type"."model" = 'chordcounter') LIMIT 21; args=('django_celery_results', 'chordcounter'); alias=default
(0.000) SELECT "django_content_type"."id", "django_content_type"."app_label", "django_content_type"."model" FROM "django_content_type" WHERE ("django_content_type"."app_label" = 'django_celery_results' AND "django_content_type"."model" = 'groupresult') LIMIT 21; args=('django_celery_results', 'groupresult'); alias=default
(0.001) SELECT "auth_permission"."content_type_id", "auth_permission"."codename" FROM "auth_permission" INNER JOIN "django_content_type" ON ("auth_permission"."content_type_id" = "django_content_type"."id") WHERE "auth_permission"."content_type_id" IN (18, 19, 20) ORDER BY "django_content_type"."app_label" ASC, "django_content_type"."model" ASC, "auth_permission"."codename" ASC; args=(18, 19, 20); alias=default
(0.000) SELECT "django_content_type"."id", "django_content_type"."app_label", "django_content_type"."model" FROM "django_content_type" WHERE "django_content_type"."app_label" = 'django_celery_results'; args=('django_celery_results',); alias=default
(0.000) SELECT "django_content_type"."id", "django_content_type"."app_label", "django_content_type"."model" FROM "django_content_type" WHERE "django_content_type"."app_label" = 'django_celery_beat'; args=('django_celery_beat',); alias=default
(0.000) SELECT "django_content_type"."id", "django_content_type"."app_label", "django_content_type"."model" FROM "django_content_type" WHERE ("django_content_type"."app_label" = 'django_celery_beat' AND "django_content_type"."model" = 'crontabschedule') LIMIT 21; args=('django_celery_beat', 'crontabschedule'); alias=default
(0.000) SELECT "django_content_type"."id", "django_content_type"."app_label", "django_content_type"."model" FROM "django_content_type" WHERE ("django_content_type"."app_label" = 'django_celery_beat' AND "django_content_type"."model" = 'intervalschedule') LIMIT 21; args=('django_celery_beat', 'intervalschedule'); alias=default
(0.000) SELECT "django_content_type"."id", "django_content_type"."app_label", "django_content_type"."model" FROM "django_content_type" WHERE ("django_content_type"."app_label" = 'django_celery_beat' AND "django_content_type"."model" = 'periodictask') LIMIT 21; args=('django_celery_beat', 'periodictask'); alias=default
(0.000) SELECT "django_content_type"."id", "django_content_type"."app_label", "django_content_type"."model" FROM "django_content_type" WHERE ("django_content_type"."app_label" = 'django_celery_beat' AND "django_content_type"."model" = 'periodictasks') LIMIT 21; args=('django_celery_beat', 'periodictasks'); alias=default
(0.000) SELECT "django_content_type"."id", "django_content_type"."app_label", "django_content_type"."model" FROM "django_content_type" WHERE ("django_content_type"."app_label" = 'django_celery_beat' AND "django_content_type"."model" = 'solarschedule') LIMIT 21; args=('django_celery_beat', 'solarschedule'); alias=default
(0.000) SELECT "django_content_type"."id", "django_content_type"."app_label", "django_content_type"."model" FROM "django_content_type" WHERE ("django_content_type"."app_label" = 'django_celery_beat' AND "django_content_type"."model" = 'clockedschedule') LIMIT 21; args=('django_celery_beat', 'clockedschedule'); alias=default
(0.001) SELECT "auth_permission"."content_type_id", "auth_permission"."codename" FROM "auth_permission" INNER JOIN "django_content_type" ON ("auth_permission"."content_type_id" = "django_content_type"."id") WHERE "auth_permission"."content_type_id" IN (21, 22, 23, 24, 25, 26) ORDER BY "django_content_type"."app_label" ASC, "django_content_type"."model" ASC, "auth_permission"."codename" ASC; args=(21, 22, 23, 24, 25, 26); alias=default
(0.000) SELECT "django_content_type"."id", "django_content_type"."app_label", "django_content_type"."model" FROM "django_content_type" WHERE "django_content_type"."app_label" = 'django_celery_beat'; args=('django_celery_beat',); alias=default
(0.000) SELECT "django_content_type"."id", "django_content_type"."app_label", "django_content_type"."model" FROM "django_content_type" WHERE "django_content_type"."app_label" = 'sites'; args=('sites',); alias=default
(0.000) SELECT "django_content_type"."id", "django_content_type"."app_label", "django_content_type"."model" FROM "django_content_type" WHERE ("django_content_type"."app_label" = 'sites' AND "django_content_type"."model" = 'site') LIMIT 21; args=('sites', 'site'); alias=default
(0.001) SELECT "auth_permission"."content_type_id", "auth_permission"."codename" FROM "auth_permission" INNER JOIN "django_content_type" ON ("auth_permission"."content_type_id" = "django_content_type"."id") WHERE "auth_permission"."content_type_id" IN (27) ORDER BY "django_content_type"."app_label" ASC, "django_content_type"."model" ASC, "auth_permission"."codename" ASC; args=(27,); alias=default
(0.000) SELECT "django_content_type"."id", "django_content_type"."app_label", "django_content_type"."model" FROM "django_content_type" WHERE "django_content_type"."app_label" = 'sites'; args=('sites',); alias=default
(0.001) SELECT 1 AS "a" FROM "django_site" LIMIT 1; args=(1,); alias=default
(0.000) SELECT "django_content_type"."id", "django_content_type"."app_label", "django_content_type"."model" FROM "django_content_type" WHERE "django_content_type"."app_label" = 'allauth'; args=('allauth',); alias=default
(0.000) SELECT "django_content_type"."id", "django_content_type"."app_label", "django_content_type"."model" FROM "django_content_type" WHERE "django_content_type"."app_label" = 'allauth'; args=('allauth',); alias=default
(0.000) SELECT "django_content_type"."id", "django_content_type"."app_label", "django_content_type"."model" FROM "django_content_type" WHERE "django_content_type"."app_label" = 'account'; args=('account',); alias=default
(0.000) SELECT "django_content_type"."id", "django_content_type"."app_label", "django_content_type"."model" FROM "django_content_type" WHERE ("django_content_type"."app_label" = 'account' AND "django_content_type"."model" = 'emailaddress') LIMIT 21; args=('account', 'emailaddress'); alias=default
(0.000) SELECT "django_content_type"."id", "django_content_type"."app_label", "django_content_type"."model" FROM "django_content_type" WHERE ("django_content_type"."app_label" = 'account' AND "django_content_type"."model" = 'emailconfirmation') LIMIT 21; args=('account', 'emailconfirmation'); alias=default
(0.001) SELECT "auth_permission"."content_type_id", "auth_permission"."codename" FROM "auth_permission" INNER JOIN "django_content_type" ON ("auth_permission"."content_type_id" = "django_content_type"."id") WHERE "auth_permission"."content_type_id" IN (28, 29) ORDER BY "django_content_type"."app_label" ASC, "django_content_type"."model" ASC, "auth_permission"."codename" ASC; args=(28, 29); alias=default
(0.000) SELECT "django_content_type"."id", "django_content_type"."app_label", "django_content_type"."model" FROM "django_content_type" WHERE "django_content_type"."app_label" = 'account'; args=('account',); alias=default
(0.000) SELECT "django_content_type"."id", "django_content_type"."app_label", "django_content_type"."model" FROM "django_content_type" WHERE "django_content_type"."app_label" = 'socialaccount'; args=('socialaccount',); alias=default
(0.000) SELECT "django_content_type"."id", "django_content_type"."app_label", "django_content_type"."model" FROM "django_content_type" WHERE ("django_content_type"."app_label" = 'socialaccount' AND "django_content_type"."model" = 'socialaccount') LIMIT 21; args=('socialaccount', 'socialaccount'); alias=default
(0.000) SELECT "django_content_type"."id", "django_content_type"."app_label", "django_content_type"."model" FROM "django_content_type" WHERE ("django_content_type"."app_label" = 'socialaccount' AND "django_content_type"."model" = 'socialapp') LIMIT 21; args=('socialaccount', 'socialapp'); alias=default
(0.000) SELECT "django_content_type"."id", "django_content_type"."app_label", "django_content_type"."model" FROM "django_content_type" WHERE ("django_content_type"."app_label" = 'socialaccount' AND "django_content_type"."model" = 'socialtoken') LIMIT 21; args=('socialaccount', 'socialtoken'); alias=default
(0.001) SELECT "auth_permission"."content_type_id", "auth_permission"."codename" FROM "auth_permission" INNER JOIN "django_content_type" ON ("auth_permission"."content_type_id" = "django_content_type"."id") WHERE "auth_permission"."content_type_id" IN (32, 30, 31) ORDER BY "django_content_type"."app_label" ASC, "django_content_type"."model" ASC, "auth_permission"."codename" ASC; args=(32, 30, 31); alias=default
(0.000) SELECT "django_content_type"."id", "django_content_type"."app_label", "django_content_type"."model" FROM "django_content_type" WHERE "django_content_type"."app_label" = 'socialaccount'; args=('socialaccount',); alias=default
Watching for file changes with StatReloader
Waiting for apps ready_event.
Apps ready_event triggered. Sending autoreload_started signal.
Watching dir /home/tw/.env/fbenv/lib/python3.8/site-packages/allauth/templates with glob **/*.
Watching dir /home/tw/.env/fbenv/lib/python3.8/site-packages/django_celery_beat/templates with glob **/*.
Watching dir /home/tw/.env/fbenv/lib/python3.8/site-packages/rest_framework/templates with glob **/*.
Watching dir /home/tw/fbclone/facebookclone/facebookclone/templates with glob **/*.
Watching dir /home/tw/.env/fbenv/lib/python3.8/site-packages/drf_yasg/templates with glob **/*.
Watching dir /home/tw/fbclone/facebookclone/facebookclone/templates/fb with glob **/*.
Watching dir /home/tw/fbclone/facebookclone/locale with glob **/*.mo.
Watching dir /home/tw/fbclone/facebookclone/facebookclone/apps/fb/locale with glob **/*.mo.
Watching dir /home/tw/.env/fbenv/lib/python3.8/site-packages/rest_framework/locale with glob **/*.mo.
Watching dir /home/tw/.env/fbenv/lib/python3.8/site-packages/rest_framework_simplejwt/locale with glob **/*.mo.
Watching dir /home/tw/.env/fbenv/lib/python3.8/site-packages/rest_framework_simplejwt/token_blacklist/locale with glob **/*.mo.
Watching dir /home/tw/.env/fbenv/lib/python3.8/site-packages/django_celery_results/locale with glob **/*.mo.
Watching dir /home/tw/.env/fbenv/lib/python3.8/site-packages/django_celery_beat/locale with glob **/*.mo.
Watching dir /home/tw/.env/fbenv/lib/python3.8/site-packages/drf_yasg/locale with glob **/*.mo.
Watching dir /home/tw/.env/fbenv/lib/python3.8/site-packages/allauth/locale with glob **/*.mo.
Watching dir /home/tw/.env/fbenv/lib/python3.8/site-packages/allauth/account/locale with glob **/*.mo.
Watching dir /home/tw/.env/fbenv/lib/python3.8/site-packages/allauth/socialaccount/locale with glob **/*.mo.
Watching dir /home/tw/.env/fbenv/lib/python3.8/site-packages/allauth/socialaccount/providers/github/locale with glob **/*.mo.
Watching dir /home/tw/.env/fbenv/lib/python3.8/site-packages/allauth/socialaccount/providers/google/locale with glob **/*.mo.
Watching dir /home/tw/.env/fbenv/lib/python3.8/site-packages/allauth/socialaccount/providers/twitter/locale with glob **/*.mo.
(0.003) 
            SELECT
                c.relname,
                CASE
                    WHEN c.relispartition THEN 'p'
                    WHEN c.relkind IN ('m', 'v') THEN 'v'
                    ELSE 't'
                END,
                obj_description(c.oid, 'pg_class')
            FROM pg_catalog.pg_class c
            LEFT JOIN pg_catalog.pg_namespace n ON n.oid = c.relnamespace
            WHERE c.relkind IN ('f', 'm', 'p', 'r', 'v')
                AND n.nspname NOT IN ('pg_catalog', 'pg_toast')
                AND pg_catalog.pg_table_is_visible(c.oid)
        ; args=None; alias=default
(0.001) SELECT "django_migrations"."id", "django_migrations"."app", "django_migrations"."name", "django_migrations"."applied" FROM "django_migrations"; args=(); alias=default
File /home/tw/.env/fbenv/lib/python3.8/site-packages/django/db/models/expressions.py first seen with mtime 1747033758.171031
File /home/tw/.env/fbenv/lib/python3.8/site-packages/sentry_sdk/integrations/redis/redis_cluster.py first seen with mtime 1749449165.125964
File /home/tw/.env/fbenv/lib/python3.8/site-packages/stripe/v2/_amount.py first seen with mtime 1750922339.690004
File /home/tw/.env/fbenv/lib/python3.8/site-packages/cron_descriptor/StringBuilder.py first seen with mtime 1750408554.8971503
File /home/tw/.env/fbenv/lib/python3.8/site-packages/stripe/_setup_attempt.py first seen with mtime 1750922339.6060035
File /usr/lib/python3.8/ipaddress.py first seen with mtime 1742328295.0
File /home/tw/.env/fbenv/lib/python3.8/site-packages/django/core/checks/async_checks.py first seen with mtime 1747033758.1390307
File /home/tw/.env/fbenv/lib/python3.8/site-packages/requests/api.py first seen with mtime 1750682004.348407
File /home/tw/.env/fbenv/lib/python3.8/site-packages/amqp/abstract_channel.py first seen with mtime 1750154773.1835666
File /etc/python3.8/sitecustomize.py first seen with mtime 1584094456.0
File /home/tw/.env/fbenv/lib/python3.8/site-packages/asgiref/__init__.py first seen with mtime 1747033757.4710243
File /home/tw/.env/fbenv/lib/python3.8/site-packages/stripe/events/_v1_billing_meter_error_report_triggered_event.py first seen with mtime 1750922339.658004
File /home/tw/.env/fbenv/lib/python3.8/site-packages/cryptography/x509/certificate_transparency.py first seen with mtime 1750749385.5809593
File /home/tw/.env/fbenv/lib/python3.8/site-packages/stripe/radar/_early_fraud_warning_service.py first seen with mtime 1750922339.6700041
File /home/tw/.env/fbenv/lib/python3.8/site-packages/stripe/_deletable_api_resource.py first seen with mtime 1750922339.5780034
File /home/tw/.env/fbenv/lib/python3.8/site-packages/cffi/error.py first seen with mtime 1750749385.4249582
File /home/tw/.env/fbenv/lib/python3.8/site-packages/django/contrib/auth/base_user.py first seen with mtime 1747033757.7910273
File /home/tw/.env/fbenv/lib/python3.8/site-packages/click/_compat.py first seen with mtime 1750154773.487563
File /home/tw/.env/fbenv/lib/python3.8/site-packages/django/conf/global_settings.py first seen with mtime 1747033757.535025
File /home/tw/.env/fbenv/lib/python3.8/site-packages/stripe/treasury/_inbound_transfer.py first seen with mtime 1750922339.6860042
File /home/tw/.env/fbenv/lib/python3.8/site-packages/redis/asyncio/cluster.py first seen with mtime 1750154756.2677724
File /home/tw/.env/fbenv/lib/python3.8/site-packages/allauth/socialaccount/providers/github/__init__.py first seen with mtime 1750680940.9768267
File /usr/lib/python3.8/quopri.py first seen with mtime 1742328295.0
File /home/tw/.env/fbenv/lib/python3.8/site-packages/certifi/__init__.py first seen with mtime 1749449165.005963
File /home/tw/.env/fbenv/lib/python3.8/site-packages/stripe/_mandate_service.py first seen with mtime 1750922339.5860035
File /home/tw/.env/fbenv/lib/python3.8/site-packages/kombu/compression.py first seen with mtime 1750154773.2635658
File /home/tw/.env/fbenv/lib/python3.8/site-packages/stripe/_payment_intent.py first seen with mtime 1750922339.5900035
File /home/tw/.env/fbenv/lib/python3.8/site-packages/stripe/_confirmation_token.py first seen with mtime 1750922339.5700033
File /home/tw/.env/fbenv/lib/python3.8/site-packages/sentry_sdk/consts.py first seen with mtime 1749449165.105964
File /home/tw/.env/fbenv/lib/python3.8/site-packages/django/test/html.py first seen with mtime 1747033758.2030313
File /home/tw/.env/fbenv/lib/python3.8/site-packages/allauth/socialaccount/providers/oauth2/__init__.py first seen with mtime 1750680940.9968271
File /usr/lib/python3.8/html/__init__.py first seen with mtime 1742328295.0
File /home/tw/.env/fbenv/lib/python3.8/site-packages/django/middleware/__init__.py first seen with mtime 1747033758.1950312
File /home/tw/.env/fbenv/lib/python3.8/site-packages/drf_yasg/views.py first seen with mtime 1750665969.9111805
File /home/tw/.env/fbenv/lib/python3.8/site-packages/allauth/account/checks.py first seen with mtime 1750680940.8408237
File /usr/lib/python3.8/email/iterators.py first seen with mtime 1742328295.0
File /home/tw/.env/fbenv/lib/python3.8/site-packages/rest_framework_simplejwt/models.py first seen with mtime 1748864876.2747958
File /home/tw/.env/fbenv/lib/python3.8/site-packages/stripe/_quote_line_item_service.py first seen with mtime 1750922339.6020036
File /home/tw/.env/fbenv/lib/python3.8/site-packages/jwt/api_jwt.py first seen with mtime 1748864876.2507958
File /home/tw/.env/fbenv/lib/python3.8/site-packages/stripe/treasury/__init__.py first seen with mtime 1750922339.6820042
File /home/tw/.env/fbenv/lib/python3.8/site-packages/stripe/_setup_intent_service.py first seen with mtime 1750922339.6060035
File /home/tw/.env/fbenv/lib/python3.8/site-packages/oauthlib/oauth2/rfc8628/grant_types/device_code.py first seen with mtime 1750760834.38493
File /usr/lib/python3.8/asyncio/constants.py first seen with mtime 1742328295.0
File /home/tw/.env/fbenv/lib/python3.8/site-packages/oauthlib/oauth2/__init__.py first seen with mtime 1750760834.3769298
File /home/tw/.env/fbenv/lib/python3.8/site-packages/cryptography/hazmat/primitives/asymmetric/dsa.py first seen with mtime 1750749385.5729592
File /home/tw/.env/fbenv/lib/python3.8/site-packages/stripe/_account_session_service.py first seen with mtime 1750922339.5620034
File /home/tw/.env/fbenv/lib/python3.8/site-packages/stripe/test_helpers/issuing/_personalization_design_service.py first seen with mtime 1750922339.6820042
File /home/tw/.env/fbenv/lib/python3.8/site-packages/kombu/abstract.py first seen with mtime 1750154773.2635658
File /home/tw/.env/fbenv/lib/python3.8/site-packages/django/contrib/sessions/__init__.py first seen with mtime 1747033758.06303
File /usr/lib/python3.8/signal.py first seen with mtime 1742328295.0
File /home/tw/.env/fbenv/lib/python3.8/site-packages/cryptography/hazmat/primitives/_serialization.py first seen with mtime 1750749385.5729592
File /home/tw/.env/fbenv/lib/python3.8/site-packages/django/http/cookie.py first seen with mtime 1747033758.1950312
File /home/tw/.env/fbenv/lib/python3.8/site-packages/stripe/financial_connections/__init__.py first seen with mtime 1750922339.662004
File /home/tw/.env/fbenv/lib/python3.8/site-packages/oauthlib/oauth2/rfc6749/grant_types/base.py first seen with mtime 1750760834.3809297
File /home/tw/.env/fbenv/lib/python3.8/site-packages/stripe/_customer_cash_balance_transaction.py first seen with mtime 1750922339.5740035
File /home/tw/.env/fbenv/lib/python3.8/site-packages/allauth/core/internal/modelkit.py first seen with mtime 1750680940.856824
File /home/tw/.env/fbenv/lib/python3.8/site-packages/oauthlib/openid/connect/core/grant_types/dispatchers.py first seen with mtime 1750760834.38493
File /home/tw/.env/fbenv/lib/python3.8/site-packages/kombu/transport/native_delayed_delivery.py first seen with mtime 1750154773.2715657
File /usr/lib/python3.8/asyncio/trsock.py first seen with mtime 1742328295.0
File /home/tw/.env/fbenv/lib/python3.8/site-packages/stripe/_error.py first seen with mtime 1750922339.5780034
File /home/tw/.env/fbenv/lib/python3.8/site-packages/stripe/_climate_service.py first seen with mtime 1750922339.5700033
File /home/tw/.env/fbenv/lib/python3.8/site-packages/stripe/identity/_verification_session_service.py first seen with mtime 1750922339.662004
File /home/tw/.env/fbenv/lib/python3.8/site-packages/django/contrib/admin/templatetags/base.py first seen with mtime 1747033757.747027
File /home/tw/.env/fbenv/lib/python3.8/site-packages/django/contrib/admin/checks.py first seen with mtime 1747033757.623026
File /usr/lib/python3.8/email/_encoded_words.py first seen with mtime 1742328295.0
File /home/tw/.env/fbenv/lib/python3.8/site-packages/allauth/account/internal/flows/code_verification.py first seen with mtime 1750680940.8448238
File /home/tw/.env/fbenv/lib/python3.8/site-packages/timezone_field/utils.py first seen with mtime 1750408554.9211507
File /usr/lib/python3.8/lib-dynload/_queue.cpython-38-x86_64-linux-gnu.so first seen with mtime 1742328295.0
File /usr/lib/python3.8/encodings/aliases.py first seen with mtime 1742328295.0
File /home/tw/.env/fbenv/lib/python3.8/site-packages/allauth/socialaccount/forms.py first seen with mtime 1750680940.9328256
File /home/tw/.env/fbenv/lib/python3.8/site-packages/rest_framework_simplejwt/token_blacklist/apps.py first seen with mtime 1748864876.2867959
File /home/tw/.env/fbenv/lib/python3.8/site-packages/rest_framework/__init__.py first seen with mtime 1748496192.8390837
File /home/tw/.env/fbenv/lib/python3.8/site-packages/stripe/issuing/_authorization_service.py first seen with mtime 1750922339.666004
File /home/tw/.env/fbenv/lib/python3.8/site-packages/django/urls/exceptions.py first seen with mtime 1747033758.2070315
File /home/tw/.env/fbenv/lib/python3.8/site-packages/stripe/_customer_payment_method_service.py first seen with mtime 1750922339.5740035
File /home/tw/.env/fbenv/lib/python3.8/site-packages/rest_framework_simplejwt/tokens.py first seen with mtime 1748864876.2747958
File /home/tw/.env/fbenv/lib/python3.8/site-packages/vine/utils.py first seen with mtime 1750154773.1755667
File /home/tw/.env/fbenv/lib/python3.8/site-packages/stripe/_funding_instructions.py first seen with mtime 1750922339.5820034
File /home/tw/.env/fbenv/lib/python3.8/site-packages/PIL/Image.py first seen with mtime 1747034329.0273166
File /home/tw/.env/fbenv/lib/python3.8/site-packages/stripe/_custom_method.py first seen with mtime 1750922339.5740035
File /home/tw/.env/fbenv/lib/python3.8/site-packages/django/db/models/functions/__init__.py first seen with mtime 1747033758.1750312
File /home/tw/.env/fbenv/lib/python3.8/site-packages/django/core/mail/utils.py first seen with mtime 1747033758.143031
File /home/tw/.env/fbenv/lib/python3.8/site-packages/sqlparse/exceptions.py first seen with mtime 1747033757.4070237
File /home/tw/.env/fbenv/lib/python3.8/site-packages/celery/utils/nodenames.py first seen with mtime 1750154773.9395576
File /home/tw/.env/fbenv/lib/python3.8/site-packages/redis/backoff.py first seen with mtime 1750154756.2597725
File /home/tw/.env/fbenv/lib/python3.8/site-packages/celery/beat.py first seen with mtime 1750154773.9155576
File /home/tw/.env/fbenv/lib/python3.8/site-packages/cryptography/x509/extensions.py first seen with mtime 1750749385.5809593
File /home/tw/.env/fbenv/lib/python3.8/site-packages/stripe/_token_service.py first seen with mtime 1750922339.6140037
File /home/tw/.env/fbenv/lib/python3.8/site-packages/stripe/tax/_registration_service.py first seen with mtime 1750922339.674004
File /home/tw/.env/fbenv/lib/python3.8/site-packages/stripe/test_helpers/_test_clock.py first seen with mtime 1750922339.6820042
File /home/tw/.env/fbenv/lib/python3.8/site-packages/redis/auth/__init__.py first seen with mtime 1750154756.2677724
File /home/tw/.env/fbenv/lib/python3.8/site-packages/django/db/models/fields/related_descriptors.py first seen with mtime 1747033758.1750312
File /home/tw/.env/fbenv/lib/python3.8/site-packages/django/db/backends/base/validation.py first seen with mtime 1747033758.155031
File /home/tw/.env/fbenv/lib/python3.8/site-packages/django/forms/formsets.py first seen with mtime 1747033758.1790311
File /home/tw/.env/fbenv/lib/python3.8/site-packages/stripe/billing/_meter_event_adjustment_service.py first seen with mtime 1750922339.650004
File /home/tw/.env/fbenv/lib/python3.8/site-packages/django/utils/dates.py first seen with mtime 1747033758.2070315
File /home/tw/.env/fbenv/lib/python3.8/site-packages/requests/cookies.py first seen with mtime 1750682004.348407
File /home/tw/.env/fbenv/lib/python3.8/site-packages/stripe/billing/_credit_grant_service.py first seen with mtime 1750922339.650004
File /home/tw/.env/fbenv/lib/python3.8/site-packages/redis/client.py first seen with mtime 1750154756.2597725
File /home/tw/.env/fbenv/lib/python3.8/site-packages/stripe/apps/_secret_service.py first seen with mtime 1750922339.650004
File /home/tw/.env/fbenv/lib/python3.8/site-packages/stripe/_customer_balance_transaction_service.py first seen with mtime 1750922339.5740035
File /home/tw/.env/fbenv/lib/python3.8/site-packages/django/contrib/admin/templatetags/log.py first seen with mtime 1747033757.747027
File /home/tw/.env/fbenv/lib/python3.8/site-packages/django/contrib/admin/apps.py first seen with mtime 1747033757.623026
File /home/tw/.env/fbenv/lib/python3.8/site-packages/stripe/_customer_balance_transaction.py first seen with mtime 1750922339.5740035
File /home/tw/.env/fbenv/lib/python3.8/site-packages/allauth/socialaccount/providers/github/urls.py first seen with mtime 1750680940.9768267
File /home/tw/.env/fbenv/lib/python3.8/site-packages/backports/zoneinfo/_version.py first seen with mtime 1747033757.3910236
File /home/tw/.env/fbenv/lib/python3.8/site-packages/allauth/account/internal/flows/password_reset_by_code.py first seen with mtime 1750680940.8488238
File /home/tw/.env/fbenv/lib/python3.8/site-packages/jwt/__init__.py first seen with mtime 1748864876.2467957
File /home/tw/.env/fbenv/lib/python3.8/site-packages/django/contrib/auth/apps.py first seen with mtime 1747033757.7910273
File /home/tw/.env/fbenv/lib/python3.8/site-packages/allauth/socialaccount/providers/twitter/__init__.py first seen with mtime 1750680941.0288277
File /home/tw/.env/fbenv/lib/python3.8/site-packages/yaml/composer.py first seen with mtime 1750665969.8351812
File /home/tw/.env/fbenv/lib/python3.8/site-packages/allauth/socialaccount/providers/base/utils.py first seen with mtime 1750680940.944826
File /home/tw/.env/fbenv/lib/python3.8/site-packages/cryptography/x509/general_name.py first seen with mtime 1750749385.5809593
File /usr/lib/python3.8/unittest/__init__.py first seen with mtime 1742328295.0
File /home/tw/.env/fbenv/lib/python3.8/site-packages/django/utils/itercompat.py first seen with mtime 1747033758.2110314
File /home/tw/.env/fbenv/lib/python3.8/site-packages/cryptography/hazmat/primitives/asymmetric/x448.py first seen with mtime 1750749385.5769594
File /home/tw/.env/fbenv/lib/python3.8/site-packages/requests/status_codes.py first seen with mtime 1750682004.348407
File /home/tw/.env/fbenv/lib/python3.8/site-packages/sentry_sdk/crons/consts.py first seen with mtime 1749449165.109964
File /home/tw/.env/fbenv/lib/python3.8/site-packages/stripe/issuing/_personalization_design.py first seen with mtime 1750922339.6700041
File /usr/lib/python3.8/encodings/latin_1.py first seen with mtime 1742328295.0
File /usr/lib/python3.8/json/scanner.py first seen with mtime 1742328295.0
File /home/tw/.env/fbenv/lib/python3.8/site-packages/django/middleware/security.py first seen with mtime 1747033758.1950312
File /home/tw/.env/fbenv/lib/python3.8/site-packages/stripe/treasury/_debit_reversal.py first seen with mtime 1750922339.6860042
File /home/tw/.env/fbenv/lib/python3.8/site-packages/django/contrib/sites/models.py first seen with mtime 1747033758.0990303
File /home/tw/.env/fbenv/lib/python3.8/site-packages/allauth/socialaccount/internal/jwtkit.py first seen with mtime 1750680940.9328256
File /home/tw/.env/fbenv/lib/python3.8/site-packages/stripe/_event.py first seen with mtime 1750922339.5780034
File /usr/lib/python3.8/shlex.py first seen with mtime 1742328295.0
File /home/tw/.env/fbenv/lib/python3.8/site-packages/stripe/_subscription_item.py first seen with mtime 1750922339.6100037
File /home/tw/.env/fbenv/lib/python3.8/site-packages/stripe/_confirmation_token_service.py first seen with mtime 1750922339.5700033
File /home/tw/.env/fbenv/lib/python3.8/site-packages/stripe/_list_object.py first seen with mtime 1750922339.5860035
File /home/tw/.env/fbenv/lib/python3.8/site-packages/django/urls/utils.py first seen with mtime 1747033758.2070315
File /home/tw/.env/fbenv/lib/python3.8/site-packages/allauth/account/internal/stagekit.py first seen with mtime 1750680940.8448238
File /home/tw/.env/fbenv/lib/python3.8/site-packages/stripe/_product_feature_service.py first seen with mtime 1750922339.5980036
File /home/tw/.env/fbenv/lib/python3.8/site-packages/oauthlib/signals.py first seen with mtime 1750760834.3729296
File /home/tw/.env/fbenv/lib/python3.8/site-packages/django/template/defaultfilters.py first seen with mtime 1747033758.1990314
File /usr/lib/python3.8/token.py first seen with mtime 1742328295.0
File /home/tw/.env/fbenv/lib/python3.8/site-packages/django/core/files/storage/handler.py first seen with mtime 1747033758.143031
File /usr/lib/python3.8/email/charset.py first seen with mtime 1742328295.0
File /home/tw/.env/fbenv/lib/python3.8/site-packages/stripe/_error_object.py first seen with mtime 1750922339.5780034
File /home/tw/.env/fbenv/lib/python3.8/site-packages/oauthlib/oauth1/rfc5849/parameters.py first seen with mtime 1750760834.3729296
File /usr/lib/python3.8/json/decoder.py first seen with mtime 1742328295.0
File /home/tw/.env/fbenv/lib/python3.8/site-packages/django/forms/renderers.py first seen with mtime 1747033758.183031
File /home/tw/.env/fbenv/lib/python3.8/site-packages/django_celery_beat/clockedschedule.py first seen with mtime 1750408554.9331508
File /home/tw/.env/fbenv/lib/python3.8/site-packages/oauthlib/oauth2/rfc6749/grant_types/implicit.py first seen with mtime 1750760834.3809297
File /home/tw/.env/fbenv/lib/python3.8/site-packages/rest_framework/urls.py first seen with mtime 1748496192.8470836
File /usr/lib/python3.8/importlib/machinery.py first seen with mtime 1742328295.0
File /home/tw/.env/fbenv/lib/python3.8/site-packages/requests/adapters.py first seen with mtime 1750682004.348407
File /home/tw/.env/fbenv/lib/python3.8/site-packages/stripe/terminal/_connection_token.py first seen with mtime 1750922339.678004
File /home/tw/.env/fbenv/lib/python3.8/site-packages/stripe/test_helpers/issuing/__init__.py first seen with mtime 1750922339.6820042
File /home/tw/.env/fbenv/lib/python3.8/site-packages/stripe/_country_spec.py first seen with mtime 1750922339.5700033
File /home/tw/.env/fbenv/lib/python3.8/site-packages/stripe/_nested_resource_class_methods.py first seen with mtime 1750922339.5860035
File /home/tw/.env/fbenv/lib/python3.8/site-packages/stripe/climate/_order_service.py first seen with mtime 1750922339.6540039
File /home/tw/.env/fbenv/lib/python3.8/site-packages/django/views/decorators/vary.py first seen with mtime 1747033758.2150314
File /usr/lib/python3.8/unittest/case.py first seen with mtime 1742328295.0
File /home/tw/.env/fbenv/lib/python3.8/site-packages/stripe/_tax_rate_service.py first seen with mtime 1750922339.6140037
File /usr/lib/python3.8/json/encoder.py first seen with mtime 1742328295.0
File /home/tw/.env/fbenv/lib/python3.8/site-packages/stripe/treasury/_financial_account_features_service.py first seen with mtime 1750922339.6860042
File /home/tw/.env/fbenv/lib/python3.8/site-packages/rest_framework/utils/field_mapping.py first seen with mtime 1748496192.8950837
File /home/tw/.env/fbenv/lib/python3.8/site-packages/sentry_sdk/integrations/wsgi.py first seen with mtime 1749449165.121964
File /home/tw/.env/fbenv/lib/python3.8/site-packages/rest_framework/schemas/__init__.py first seen with mtime 1748496192.8630836
File /home/tw/.env/fbenv/lib/python3.8/site-packages/sentry_sdk/client.py first seen with mtime 1749449165.105964
File /home/tw/.env/fbenv/lib/python3.8/site-packages/stripe/_payment_link_service.py first seen with mtime 1750922339.5940034
File /home/tw/.env/fbenv/lib/python3.8/site-packages/stripe/issuing/_transaction_service.py first seen with mtime 1750922339.6700041
File /home/tw/.env/fbenv/lib/python3.8/site-packages/rest_framework/generics.py first seen with mtime 1748496192.8430836
File /home/tw/.env/fbenv/lib/python3.8/site-packages/rest_framework/exceptions.py first seen with mtime 1748496192.8430836
File /home/tw/.env/fbenv/lib/python3.8/site-packages/rest_framework/negotiation.py first seen with mtime 1748496192.8430836
File /home/tw/.env/fbenv/lib/python3.8/site-packages/allauth/socialaccount/providers/__init__.py first seen with mtime 1750680940.9368258
File /home/tw/.env/fbenv/lib/python3.8/site-packages/celery/fixups/django.py first seen with mtime 1750154773.9355576
File /home/tw/.env/fbenv/lib/python3.8/site-packages/oauthlib/oauth2/rfc8628/grant_types/__init__.py first seen with mtime 1750760834.38493
File /home/tw/.env/fbenv/lib/python3.8/site-packages/django/templatetags/static.py first seen with mtime 1747033758.2030313
File /home/tw/.env/fbenv/lib/python3.8/site-packages/stripe/issuing/_cardholder_service.py first seen with mtime 1750922339.666004
File /usr/lib/python3.8/unittest/loader.py first seen with mtime 1742328295.0
File /home/tw/.env/fbenv/lib/python3.8/site-packages/stripe/_client_options.py first seen with mtime 1750922339.5700033
File /usr/lib/python3.8/lib-dynload/_dbm.cpython-38-x86_64-linux-gnu.so first seen with mtime 1742328295.0
File /home/tw/.env/fbenv/lib/python3.8/site-packages/celery/app/defaults.py first seen with mtime 1750154773.9195576
File /home/tw/.env/fbenv/lib/python3.8/site-packages/django/contrib/admin/views/autocomplete.py first seen with mtime 1747033757.747027
File /home/tw/.env/fbenv/lib/python3.8/site-packages/stripe/climate/_order.py first seen with mtime 1750922339.6540039
File /home/tw/.env/fbenv/lib/python3.8/site-packages/stripe/radar/_early_fraud_warning.py first seen with mtime 1750922339.6700041
File /home/tw/.env/fbenv/lib/python3.8/site-packages/django/middleware/common.py first seen with mtime 1747033758.1950312
File /home/tw/.env/fbenv/lib/python3.8/site-packages/rest_framework_simplejwt/settings.py first seen with mtime 1748864876.2747958
File /usr/lib/python3.8/abc.py first seen with mtime 1742328295.0
File /home/tw/.env/fbenv/lib/python3.8/site-packages/allauth/account/internal/flows/password_change.py first seen with mtime 1750680940.8448238
File /home/tw/.env/fbenv/lib/python3.8/site-packages/stripe/_credit_note_service.py first seen with mtime 1750922339.5740035
File /home/tw/.env/fbenv/lib/python3.8/site-packages/allauth/socialaccount/providers/oauth/views.py first seen with mtime 1750680940.9968271
File /home/tw/.env/fbenv/lib/python3.8/site-packages/celery/utils/dispatch/signal.py first seen with mtime 1750154773.9435575
File /usr/lib/python3.8/socketserver.py first seen with mtime 1742328295.0
File /home/tw/.env/fbenv/lib/python3.8/site-packages/django/contrib/admin/actions.py first seen with mtime 1747033757.623026
File /home/tw/.env/fbenv/lib/python3.8/site-packages/idna/core.py first seen with mtime 1750682004.2164056
File /home/tw/.env/fbenv/lib/python3.8/site-packages/charset_normalizer/cd.py first seen with mtime 1750682004.3124065
File /usr/lib/python3.8/xml/dom/__init__.py first seen with mtime 1742328295.0
File /home/tw/.env/fbenv/lib/python3.8/site-packages/backports/zoneinfo/_tzpath.py first seen with mtime 1747033757.3910236
File /home/tw/.env/fbenv/lib/python3.8/site-packages/django/db/models/fields/related.py first seen with mtime 1747033758.1750312
File /home/tw/.env/fbenv/lib/python3.8/site-packages/stripe/treasury/_outbound_payment_service.py first seen with mtime 1750922339.6860042
File /home/tw/.env/fbenv/lib/python3.8/site-packages/stripe/radar/_value_list.py first seen with mtime 1750922339.6700041
File /home/tw/.env/fbenv/lib/python3.8/site-packages/allauth/core/internal/httpkit.py first seen with mtime 1750680940.856824
File /home/tw/.env/fbenv/lib/python3.8/site-packages/django/db/backends/postgresql/__init__.py first seen with mtime 1747033758.159031
File /home/tw/.env/fbenv/lib/python3.8/site-packages/django/forms/utils.py first seen with mtime 1747033758.183031
File /home/tw/.env/fbenv/lib/python3.8/site-packages/oauthlib/oauth1/rfc5849/endpoints/access_token.py first seen with mtime 1750760834.3729296
File /home/tw/.env/fbenv/lib/python3.8/site-packages/requests/structures.py first seen with mtime 1750682004.348407
File /usr/lib/python3.8/re.py first seen with mtime 1742328295.0
File /home/tw/.env/fbenv/lib/python3.8/site-packages/rest_framework_simplejwt/token_blacklist/admin.py first seen with mtime 1748864876.2867959
File /home/tw/fbclone/facebookclone/facebookclone/settings/__init__.py first seen with mtime 1747375061.0275147
File /home/tw/.env/fbenv/lib/python3.8/site-packages/stripe/radar/_value_list_service.py first seen with mtime 1750922339.6700041
File /usr/lib/python3.8/http/client.py first seen with mtime 1742328295.0
File /home/tw/.env/fbenv/lib/python3.8/site-packages/django/http/request.py first seen with mtime 1747033758.1950312
File /home/tw/.env/fbenv/lib/python3.8/site-packages/requests/packages.py first seen with mtime 1750682004.348407
File /home/tw/.env/fbenv/lib/python3.8/site-packages/redis/commands/core.py first seen with mtime 1750154756.2717724
File /home/tw/.env/fbenv/lib/python3.8/site-packages/allauth/utils.py first seen with mtime 1750680940.8408237
File /home/tw/.env/fbenv/lib/python3.8/site-packages/django/db/models/base.py first seen with mtime 1747033758.171031
File /home/tw/.env/fbenv/lib/python3.8/site-packages/jwt/exceptions.py first seen with mtime 1748864876.2507958
File /usr/lib/python3.8/_bootlocale.py first seen with mtime 1742328295.0
File /home/tw/.env/fbenv/lib/python3.8/site-packages/stripe/_customer_tax_id_service.py first seen with mtime 1750922339.5780034
File /home/tw/.env/fbenv/lib/python3.8/site-packages/cryptography/hazmat/primitives/_cipheralgorithm.py first seen with mtime 1750749385.5729592
File /home/tw/.env/fbenv/lib/python3.8/site-packages/oauthlib/oauth2/rfc6749/endpoints/introspect.py first seen with mtime 1750760834.3769298
File /home/tw/.env/fbenv/lib/python3.8/site-packages/sentry_sdk/integrations/__init__.py first seen with mtime 1749449165.109964
File /home/tw/.env/fbenv/lib/python3.8/site-packages/sentry_sdk/profiler/utils.py first seen with mtime 1749449165.129964
File /home/tw/.env/fbenv/lib/python3.8/site-packages/psycopg2/errors.py first seen with mtime 1747034246.770805
File /home/tw/.env/fbenv/lib/python3.8/site-packages/stripe/_request_metrics.py first seen with mtime 1750922339.6020036
File /usr/lib/python3.8/concurrent/futures/_base.py first seen with mtime 1742328295.0
File /home/tw/.env/fbenv/lib/python3.8/site-packages/django/core/handlers/asgi.py first seen with mtime 1747033758.143031
File /home/tw/.env/fbenv/lib/python3.8/site-packages/allauth/socialaccount/internal/flows/__init__.py first seen with mtime 1750680940.9328256
File /home/tw/fbclone/facebookclone/manage.py first seen with mtime 1747292312.7853603
File /home/tw/.env/fbenv/lib/python3.8/site-packages/django/template/loaders/app_directories.py first seen with mtime 1747033758.1990314
File /home/tw/.env/fbenv/lib/python3.8/site-packages/allauth/socialaccount/app_settings.py first seen with mtime 1750680940.9328256
File /home/tw/.env/fbenv/lib/python3.8/site-packages/django/shortcuts.py first seen with mtime 1747033757.535025
File /home/tw/.env/fbenv/lib/python3.8/site-packages/stripe/_exchange_rate_service.py first seen with mtime 1750922339.5780034
File /usr/lib/python3.8/asyncio/format_helpers.py first seen with mtime 1742328295.0
File /home/tw/.env/fbenv/lib/python3.8/site-packages/idna/intranges.py first seen with mtime 1750682004.2164056
File /home/tw/.env/fbenv/lib/python3.8/site-packages/stripe/tax/_transaction_line_item.py first seen with mtime 1750922339.678004
File /home/tw/.env/fbenv/lib/python3.8/site-packages/stripe/_ephemeral_key.py first seen with mtime 1750922339.5780034
File /usr/lib/python3.8/contextvars.py first seen with mtime 1742328295.0
File /home/tw/.env/fbenv/lib/python3.8/site-packages/stripe/_cash_balance.py first seen with mtime 1750922339.5700033
File /home/tw/.env/fbenv/lib/python3.8/site-packages/django/utils/timezone.py first seen with mtime 1747033758.2110314
File /home/tw/.env/fbenv/lib/python3.8/site-packages/django/contrib/auth/admin.py first seen with mtime 1747033757.7910273
File /usr/lib/python3.8/asyncio/futures.py first seen with mtime 1742328295.0
File /usr/lib/python3.8/importlib/metadata.py first seen with mtime 1742328295.0
File /home/tw/.env/fbenv/lib/python3.8/site-packages/stripe/v2/billing/_meter_event_session.py first seen with mtime 1750922339.690004
File /usr/lib/python3.8/posixpath.py first seen with mtime 1742328295.0
File /home/tw/.env/fbenv/lib/python3.8/site-packages/allauth/socialaccount/templatetags/socialaccount.py first seen with mtime 1750680941.040828
File /usr/lib/python3.8/asyncio/locks.py first seen with mtime 1742328295.0
File /home/tw/.env/fbenv/lib/python3.8/site-packages/stripe/billing/_credit_grant.py first seen with mtime 1750922339.650004
File /home/tw/.env/fbenv/lib/python3.8/site-packages/django/utils/deconstruct.py first seen with mtime 1747033758.2070315
File /home/tw/fbclone/facebookclone/facebookclone/apps/fb/templatetags/__init__.py first seen with mtime 1747297162.435487
File /usr/lib/python3.8/email/generator.py first seen with mtime 1742328295.0
File /home/tw/.env/fbenv/lib/python3.8/site-packages/yaml/__init__.py first seen with mtime 1750665969.8391812
File /home/tw/.env/fbenv/lib/python3.8/site-packages/oauthlib/oauth2/rfc6749/endpoints/base.py first seen with mtime 1750760834.3769298
File /home/tw/.env/fbenv/lib/python3.8/site-packages/stripe/_base_address.py first seen with mtime 1750922339.5660033
File /home/tw/.env/fbenv/lib/python3.8/site-packages/kombu/utils/__init__.py first seen with mtime 1750154773.2755656
File /home/tw/.env/fbenv/lib/python3.8/site-packages/django/views/defaults.py first seen with mtime 1747033758.2150314
File /usr/lib/python3.8/importlib/abc.py first seen with mtime 1742328295.0
File /home/tw/.env/fbenv/lib/python3.8/site-packages/celery/states.py first seen with mtime 1750154773.9195576
File /home/tw/.env/fbenv/lib/python3.8/site-packages/sqlparse/filters/right_margin.py first seen with mtime 1747033757.4110239
File /home/tw/.env/fbenv/lib/python3.8/site-packages/oauthlib/uri_validate.py first seen with mtime 1750760834.3729296
File /home/tw/.env/fbenv/lib/python3.8/site-packages/redis/typing.py first seen with mtime 1750154756.2637725
File /home/tw/.env/fbenv/lib/python3.8/site-packages/django/contrib/staticfiles/views.py first seen with mtime 1747033758.1350307
File /home/tw/.env/fbenv/lib/python3.8/site-packages/sentry_sdk/integrations/modules.py first seen with mtime 1749449165.117964
File /home/tw/.env/fbenv/lib/python3.8/site-packages/stripe/_api_resource.py first seen with mtime 1750922339.5620034
File /home/tw/.env/fbenv/lib/python3.8/site-packages/django/urls/base.py first seen with mtime 1747033758.2070315
File /home/tw/.env/fbenv/lib/python3.8/site-packages/django/contrib/admin/views/__init__.py first seen with mtime 1747033757.747027
File /home/tw/.env/fbenv/lib/python3.8/site-packages/cryptography/hazmat/primitives/hashes.py first seen with mtime 1750749385.5729592
File /home/tw/.env/fbenv/lib/python3.8/site-packages/celery/utils/__init__.py first seen with mtime 1750154773.9395576
File /home/tw/.env/fbenv/lib/python3.8/site-packages/rest_framework/fields.py first seen with mtime 1748496192.8430836
File /home/tw/.env/fbenv/lib/python3.8/site-packages/sentry_sdk/crons/api.py first seen with mtime 1749449165.109964
File /home/tw/.env/fbenv/lib/python3.8/site-packages/django/template/loader_tags.py first seen with mtime 1747033758.1990314
File /home/tw/.env/fbenv/lib/python3.8/site-packages/django/utils/decorators.py first seen with mtime 1747033758.2070315
File /home/tw/.env/fbenv/lib/python3.8/site-packages/sentry_sdk/integrations/_asgi_common.py first seen with mtime 1749449165.109964
File /home/tw/.env/fbenv/lib/python3.8/site-packages/sentry_sdk/_werkzeug.py first seen with mtime 1749449165.105964
File /home/tw/.env/fbenv/lib/python3.8/site-packages/django/contrib/auth/backends.py first seen with mtime 1747033757.7910273
File /usr/lib/python3.8/email/mime/nonmultipart.py first seen with mtime 1742328295.0
File /home/tw/.env/fbenv/lib/python3.8/site-packages/drf_yasg/generators.py first seen with mtime 1750665969.9111805
File /home/tw/.env/fbenv/lib/python3.8/site-packages/stripe/reporting/_report_type.py first seen with mtime 1750922339.674004
File /home/tw/.env/fbenv/lib/python3.8/site-packages/oauthlib/oauth1/rfc5849/endpoints/resource.py first seen with mtime 1750760834.3729296
File /home/tw/.env/fbenv/lib/python3.8/site-packages/django_celery_beat/apps.py first seen with mtime 1750408554.9331508
File /home/tw/.env/fbenv/lib/python3.8/site-packages/sentry_sdk/integrations/django/views.py first seen with mtime 1749449165.125964
File /home/tw/.env/fbenv/lib/python3.8/site-packages/stripe/tax/__init__.py first seen with mtime 1750922339.674004
File /usr/lib/python3.8/uu.py first seen with mtime 1742328295.0
File /usr/lib/python3.8/importlib/__init__.py first seen with mtime 1742328295.0
File /home/tw/.env/fbenv/lib/python3.8/site-packages/django_celery_beat/utils.py first seen with mtime 1750408554.9331508
File /usr/lib/python3.8/mimetypes.py first seen with mtime 1742328295.0
File /home/tw/.env/fbenv/lib/python3.8/site-packages/asgiref/current_thread_executor.py first seen with mtime 1747033757.4710243
File /home/tw/.env/fbenv/lib/python3.8/site-packages/amqp/channel.py first seen with mtime 1750154773.1835666
File /home/tw/.env/fbenv/lib/python3.8/site-packages/billiard/dummy/__init__.py first seen with mtime 1750154773.4195638
File /usr/lib/python3.8/urllib/request.py first seen with mtime 1742328295.0
File /home/tw/.env/fbenv/lib/python3.8/site-packages/django/contrib/contenttypes/models.py first seen with mtime 1747033757.839028
File /home/tw/.env/fbenv/lib/python3.8/site-packages/cryptography/hazmat/primitives/ciphers/base.py first seen with mtime 1750749385.5769594
File /home/tw/.env/fbenv/lib/python3.8/site-packages/stripe/_tax_deducted_at_source.py first seen with mtime 1750922339.6140037
File /home/tw/.env/fbenv/lib/python3.8/site-packages/django/contrib/auth/mixins.py first seen with mtime 1747033757.7950275
File /home/tw/.env/fbenv/lib/python3.8/site-packages/click/parser.py first seen with mtime 1750154773.4915628
File /home/tw/.env/fbenv/lib/python3.8/site-packages/oauthlib/oauth2/rfc6749/__init__.py first seen with mtime 1750760834.3769298
File /home/tw/.env/fbenv/lib/python3.8/site-packages/rest_framework/utils/formatting.py first seen with mtime 1748496192.8950837
File /home/tw/.env/fbenv/lib/python3.8/site-packages/django/db/models/lookups.py first seen with mtime 1747033758.171031
File /home/tw/.env/fbenv/lib/python3.8/site-packages/django/core/management/__init__.py first seen with mtime 1747033758.1470308
File /usr/lib/python3.8/wsgiref/__init__.py first seen with mtime 1742328295.0
File /home/tw/.env/fbenv/lib/python3.8/site-packages/drf_yasg/renderers.py first seen with mtime 1750665969.9111805
File /home/tw/.env/fbenv/lib/python3.8/site-packages/stripe/_tax_id.py first seen with mtime 1750922339.6140037
File /home/tw/.env/fbenv/lib/python3.8/site-packages/oauthlib/oauth1/rfc5849/endpoints/__init__.py first seen with mtime 1750760834.3729296
File /home/tw/.env/fbenv/lib/python3.8/site-packages/stripe/treasury/_received_credit.py first seen with mtime 1750922339.6860042
File /usr/lib/python3.8/xml/dom/minidom.py first seen with mtime 1742328295.0
File /home/tw/.env/fbenv/lib/python3.8/site-packages/sentry_sdk/metrics.py first seen with mtime 1749449165.105964
File /home/tw/.env/fbenv/lib/python3.8/site-packages/stripe/_account_person_service.py first seen with mtime 1750922339.5620034
File /home/tw/.env/fbenv/lib/python3.8/site-packages/yaml/serializer.py first seen with mtime 1750665969.8391812
File /home/tw/.env/fbenv/lib/python3.8/site-packages/cffi/model.py first seen with mtime 1750749385.4249582
File /home/tw/.env/fbenv/lib/python3.8/site-packages/celery/app/__init__.py first seen with mtime 1750154773.9195576
File /usr/lib/python3.8/multiprocessing/reduction.py first seen with mtime 1742328295.0
File /home/tw/.env/fbenv/lib/python3.8/site-packages/stripe/reporting/__init__.py first seen with mtime 1750922339.6700041
File /usr/lib/python3.8/http/cookies.py first seen with mtime 1742328295.0
File /home/tw/.env/fbenv/lib/python3.8/site-packages/oauthlib/oauth2/rfc6749/clients/web_application.py first seen with mtime 1750760834.3769298
File /home/tw/.env/fbenv/lib/python3.8/site-packages/celery/app/registry.py first seen with mtime 1750154773.9235575
File /home/tw/.env/fbenv/lib/python3.8/site-packages/django/utils/html.py first seen with mtime 1747033758.2110314
File /usr/lib/python3.8/fnmatch.py first seen with mtime 1742328295.0
File /home/tw/.env/fbenv/lib/python3.8/site-packages/sqlparse/filters/reindent.py first seen with mtime 1747033757.4110239
File /home/tw/.env/fbenv/lib/python3.8/site-packages/django/contrib/auth/signals.py first seen with mtime 1747033757.7950275
File /home/tw/.env/fbenv/lib/python3.8/site-packages/django/utils/duration.py first seen with mtime 1747033758.2070315
File /home/tw/.env/fbenv/lib/python3.8/site-packages/redis/event.py first seen with mtime 1750154756.2637725
File /home/tw/.env/fbenv/lib/python3.8/site-packages/stripe/billing/_meter_event.py first seen with mtime 1750922339.650004
File /usr/lib/python3.8/asyncio/coroutines.py first seen with mtime 1742328295.0
File /home/tw/.env/fbenv/lib/python3.8/site-packages/billiard/context.py first seen with mtime 1750154773.4155638
File /home/tw/.env/fbenv/lib/python3.8/site-packages/rest_framework/schemas/utils.py first seen with mtime 1748496192.8670835
File /home/tw/.env/fbenv/lib/python3.8/site-packages/stripe/billing/_alert_service.py first seen with mtime 1750922339.650004
File /usr/lib/python3.8/email/mime/multipart.py first seen with mtime 1742328295.0
File /home/tw/.env/fbenv/lib/python3.8/site-packages/django/utils/hashable.py first seen with mtime 1747033758.2110314
File /home/tw/.env/fbenv/lib/python3.8/site-packages/drf_yasg/inspectors/view.py first seen with mtime 1750665969.9111805
File /home/tw/.env/fbenv/lib/python3.8/site-packages/django/contrib/staticfiles/management/commands/__init__.py first seen with mtime 1747033758.1350307
File /home/tw/.env/fbenv/lib/python3.8/site-packages/stripe/reporting/_report_run.py first seen with mtime 1750922339.674004
File /usr/lib/python3.8/functools.py first seen with mtime 1742328295.0
File /home/tw/.env/fbenv/lib/python3.8/site-packages/django/contrib/admin/views/main.py first seen with mtime 1747033757.751027
File /home/tw/.env/fbenv/lib/python3.8/site-packages/stripe/_payment_method_configuration_service.py first seen with mtime 1750922339.5940034
File /home/tw/.env/fbenv/lib/python3.8/site-packages/django/core/files/storage/filesystem.py first seen with mtime 1747033758.143031
File /usr/lib/python3.8/unittest/suite.py first seen with mtime 1742328295.0
File /home/tw/.env/fbenv/lib/python3.8/site-packages/requests/certs.py first seen with mtime 1750682004.348407
File /home/tw/fbclone/facebookclone/facebookclone/apps/fb/templatetags/custom_filter.py first seen with mtime 1747297203.48384
File /home/tw/.env/fbenv/lib/python3.8/site-packages/oauthlib/openid/connect/core/grant_types/refresh_token.py first seen with mtime 1750760834.38493
File /home/tw/.env/fbenv/lib/python3.8/site-packages/decouple.py first seen with mtime 1748924880.8767064
File /home/tw/.env/fbenv/lib/python3.8/site-packages/requests/utils.py first seen with mtime 1750682004.348407
File /home/tw/.env/fbenv/lib/python3.8/site-packages/allauth/socialaccount/adapter.py first seen with mtime 1750680940.9288256
File /home/tw/.env/fbenv/lib/python3.8/site-packages/drf_yasg/utils.py first seen with mtime 1750665969.9111805
File /home/tw/.env/fbenv/lib/python3.8/site-packages/stripe/_test_helpers.py first seen with mtime 1750922339.6140037
File /home/tw/.env/fbenv/lib/python3.8/site-packages/stripe/billing/_meter_event_summary.py first seen with mtime 1750922339.650004
File /home/tw/.env/fbenv/lib/python3.8/site-packages/stripe/climate/__init__.py first seen with mtime 1750922339.6540039
File /home/tw/.env/fbenv/lib/python3.8/site-packages/cryptography/x509/oid.py first seen with mtime 1750749385.5809593
File /home/tw/.env/fbenv/lib/python3.8/site-packages/stripe/terminal/_reader.py first seen with mtime 1750922339.678004
File /home/tw/.env/fbenv/lib/python3.8/site-packages/stripe/_account.py first seen with mtime 1750922339.5620034
File /home/tw/.env/fbenv/lib/python3.8/site-packages/django/core/serializers/python.py first seen with mtime 1747033758.1510308
File /usr/lib/python3.8/encodings/__init__.py first seen with mtime 1742328295.0
File /usr/lib/python3.8/logging/__init__.py first seen with mtime 1742328295.0
File /home/tw/.env/fbenv/lib/python3.8/site-packages/django/db/models/fields/__init__.py first seen with mtime 1747033758.1750312
File /usr/lib/python3.8/urllib/error.py first seen with mtime 1742328295.0
File /home/tw/.env/fbenv/lib/python3.8/site-packages/stripe/test_helpers/_customer_service.py first seen with mtime 1750922339.678004
File /home/tw/.env/fbenv/lib/python3.8/site-packages/stripe/issuing/_dispute_service.py first seen with mtime 1750922339.6700041
File /home/tw/.env/fbenv/lib/python3.8/site-packages/stripe/v2/core/_event_destination_service.py first seen with mtime 1750922339.690004
File /home/tw/.env/fbenv/lib/python3.8/site-packages/django/contrib/messages/middleware.py first seen with mtime 1747033757.9990294
File /usr/lib/python3.8/numbers.py first seen with mtime 1742328295.0
File /usr/lib/python3.8/uuid.py first seen with mtime 1742328295.0
File /home/tw/.env/fbenv/lib/python3.8/site-packages/stripe/_account_link_service.py first seen with mtime 1750922339.5620034
File /home/tw/.env/fbenv/lib/python3.8/site-packages/django/contrib/sites/checks.py first seen with mtime 1747033758.0990303
File /home/tw/.env/fbenv/lib/python3.8/site-packages/stripe/_expandable_field.py first seen with mtime 1750922339.5780034
File /home/tw/.env/fbenv/lib/python3.8/site-packages/stripe/_financial_connections_service.py first seen with mtime 1750922339.5820034
File /home/tw/.env/fbenv/lib/python3.8/site-packages/sqlparse/cli.py first seen with mtime 1747033757.4070237
File /home/tw/.env/fbenv/lib/python3.8/site-packages/django/core/checks/translation.py first seen with mtime 1747033758.1390307
File /usr/lib/python3.8/sre_parse.py first seen with mtime 1742328295.0
File /home/tw/.env/fbenv/lib/python3.8/site-packages/django/utils/dateparse.py first seen with mtime 1747033758.2070315
File /home/tw/.env/fbenv/lib/python3.8/site-packages/amqp/transport.py first seen with mtime 1750154773.1875665
File /home/tw/.env/fbenv/lib/python3.8/site-packages/cryptography/x509/verification.py first seen with mtime 1750749385.5809593
File /home/tw/.env/fbenv/lib/python3.8/site-packages/django/contrib/postgres/utils.py first seen with mtime 1747033758.0030293
File /usr/lib/python3.8/encodings/idna.py first seen with mtime 1742328295.0
File /usr/lib/python3.8/getpass.py first seen with mtime 1742328295.0
File /home/tw/.env/fbenv/lib/python3.8/site-packages/stripe/_app_info.py first seen with mtime 1750922339.5660033
File /home/tw/.env/fbenv/lib/python3.8/site-packages/django/core/checks/files.py first seen with mtime 1747033758.1390307
File /home/tw/.env/fbenv/lib/python3.8/site-packages/stripe/_tax_rate.py first seen with mtime 1750922339.6140037
File /home/tw/.env/fbenv/lib/python3.8/site-packages/django/utils/_os.py first seen with mtime 1747033758.2070315
File /home/tw/.env/fbenv/lib/python3.8/site-packages/redis/commands/sentinel.py first seen with mtime 1750154756.2717724
File /home/tw/.env/fbenv/lib/python3.8/site-packages/allauth/account/authentication.py first seen with mtime 1750680940.8408237
File /home/tw/.env/fbenv/lib/python3.8/site-packages/django/core/files/temp.py first seen with mtime 1747033758.143031
File /home/tw/.env/fbenv/lib/python3.8/site-packages/stripe/_payout_service.py first seen with mtime 1750922339.5980036
File /home/tw/.env/fbenv/lib/python3.8/site-packages/stripe/_file.py first seen with mtime 1750922339.5780034
File /home/tw/.env/fbenv/lib/python3.8/site-packages/django/db/migrations/__init__.py first seen with mtime 1747033758.1630309
File /usr/lib/python3.8/asyncio/log.py first seen with mtime 1742328295.0
File /home/tw/.env/fbenv/lib/python3.8/site-packages/kombu/messaging.py first seen with mtime 1750154773.2635658
File /home/tw/.env/fbenv/lib/python3.8/site-packages/celery/utils/term.py first seen with mtime 1750154773.9395576
File /home/tw/.env/fbenv/lib/python3.8/site-packages/django/middleware/cache.py first seen with mtime 1747033758.1950312
File /home/tw/.env/fbenv/lib/python3.8/site-packages/stripe/entitlements/__init__.py first seen with mtime 1750922339.658004
File /home/tw/fbclone/facebookclone/facebookclone/apps/fb/models.py first seen with mtime 1751260951.8628871
File /home/tw/.env/fbenv/lib/python3.8/site-packages/celery/utils/saferepr.py first seen with mtime 1750154773.9395576
File /home/tw/.env/fbenv/lib/python3.8/site-packages/django_celery_beat/admin.py first seen with mtime 1750408554.9331508
File /usr/lib/python3.8/struct.py first seen with mtime 1742328295.0
File /home/tw/.env/fbenv/lib/python3.8/site-packages/django/views/decorators/__init__.py first seen with mtime 1747033758.2150314
File /usr/lib/python3.8/email/parser.py first seen with mtime 1742328295.0
File /home/tw/.env/fbenv/lib/python3.8/site-packages/allauth/account/models.py first seen with mtime 1750680940.8448238
File /home/tw/.env/fbenv/lib/python3.8/site-packages/rest_framework/utils/__init__.py first seen with mtime 1748496192.8950837
File /home/tw/.env/fbenv/lib/python3.8/site-packages/yaml/dumper.py first seen with mtime 1750665969.8391812
File /home/tw/.env/fbenv/lib/python3.8/site-packages/stripe/_payment_intent_service.py first seen with mtime 1750922339.5940034
File /home/tw/.env/fbenv/lib/python3.8/site-packages/django/core/checks/urls.py first seen with mtime 1747033758.1390307
File /usr/lib/python3.8/email/feedparser.py first seen with mtime 1742328295.0
File /home/tw/.env/fbenv/lib/python3.8/site-packages/allauth/core/internal/__init__.py first seen with mtime 1750680940.856824
File /home/tw/.env/fbenv/lib/python3.8/site-packages/oauthlib/oauth2/rfc8628/endpoints/__init__.py first seen with mtime 1750760834.3809297
File /home/tw/.env/fbenv/lib/python3.8/site-packages/stripe/billing_portal/_session_service.py first seen with mtime 1750922339.6540039
File /home/tw/.env/fbenv/lib/python3.8/site-packages/django/contrib/admin/helpers.py first seen with mtime 1747033757.623026
File /home/tw/.env/fbenv/lib/python3.8/site-packages/allauth/account/internal/flows/__init__.py first seen with mtime 1750680940.8448238
File /usr/lib/python3.8/xml/dom/domreg.py first seen with mtime 1742328295.0
File /home/tw/.env/fbenv/lib/python3.8/site-packages/cron_descriptor/__init__.py first seen with mtime 1750408554.8971503
File /home/tw/.env/fbenv/lib/python3.8/site-packages/cryptography/hazmat/bindings/__init__.py first seen with mtime 1750749385.4889588
File /home/tw/.env/fbenv/lib/python3.8/site-packages/jwt/api_jws.py first seen with mtime 1748864876.2467957
File /home/tw/.env/fbenv/lib/python3.8/site-packages/sentry_sdk/scrubber.py first seen with mtime 1749449165.105964
File /home/tw/.env/fbenv/lib/python3.8/site-packages/stripe/_source_service.py first seen with mtime 1750922339.6100037
File /home/tw/.env/fbenv/lib/python3.8/site-packages/stripe/_payment_link_line_item_service.py first seen with mtime 1750922339.5940034
File /home/tw/.env/fbenv/lib/python3.8/site-packages/pytz/tzinfo.py first seen with mtime 1750665969.6071842
File /home/tw/.env/fbenv/lib/python3.8/site-packages/django/core/serializers/__init__.py first seen with mtime 1747033758.1510308
File /home/tw/.env/fbenv/lib/python3.8/site-packages/django/core/handlers/wsgi.py first seen with mtime 1747033758.143031
File /home/tw/.env/fbenv/lib/python3.8/site-packages/redis/cluster.py first seen with mtime 1750154756.2637725
File /home/tw/.env/fbenv/lib/python3.8/site-packages/stripe/_price_service.py first seen with mtime 1750922339.5980036
File /usr/lib/python3.8/asyncio/protocols.py first seen with mtime 1742328295.0
File /home/tw/.env/fbenv/lib/python3.8/site-packages/allauth/socialaccount/providers/google/__init__.py first seen with mtime 1750680940.9808266
File /home/tw/.env/fbenv/lib/python3.8/site-packages/django/contrib/admin/models.py first seen with mtime 1747033757.6270258
File /home/tw/.env/fbenv/lib/python3.8/site-packages/cryptography/hazmat/primitives/constant_time.py first seen with mtime 1750749385.5729592
File /home/tw/.env/fbenv/lib/python3.8/site-packages/django/contrib/sites/shortcuts.py first seen with mtime 1747033758.0990303
File /home/tw/.env/fbenv/lib/python3.8/site-packages/oauthlib/openid/__init__.py first seen with mtime 1750760834.38493
File /home/tw/.env/fbenv/lib/python3.8/site-packages/stripe/v2/billing/_meter_event_adjustment.py first seen with mtime 1750922339.690004
File /home/tw/.env/fbenv/lib/python3.8/site-packages/redis/asyncio/__init__.py first seen with mtime 1750154756.2677724
File /home/tw/.env/fbenv/lib/python3.8/site-packages/django/template/loaders/filesystem.py first seen with mtime 1747033758.2030313
File /home/tw/.env/fbenv/lib/python3.8/site-packages/django_celery_results/apps.py first seen with mtime 1750408554.9851513
File /usr/lib/python3.8/weakref.py first seen with mtime 1742328295.0
File /home/tw/.env/fbenv/lib/python3.8/site-packages/django/contrib/auth/models.py first seen with mtime 1747033757.7950275
File /home/tw/.env/fbenv/lib/python3.8/site-packages/oauthlib/oauth2/rfc8628/endpoints/pre_configured.py first seen with mtime 1750760834.3809297
File /home/tw/.env/fbenv/lib/python3.8/site-packages/oauthlib/oauth2/rfc6749/grant_types/resource_owner_password_credentials.py first seen with mtime 1750760834.3809297
File /home/tw/.env/fbenv/lib/python3.8/site-packages/django/http/response.py first seen with mtime 1747033758.1950312
File /home/tw/.env/fbenv/lib/python3.8/site-packages/allauth/account/managers.py first seen with mtime 1750680940.8408237
File /home/tw/fbclone/facebookclone/facebookclone/apps/fb/classviews.py first seen with mtime 1751276760.478455
File /home/tw/.env/fbenv/lib/python3.8/site-packages/django_celery_results/utils.py first seen with mtime 1750408554.9851513
File /home/tw/.env/fbenv/lib/python3.8/site-packages/drf_yasg/inspectors/field.py first seen with mtime 1750665969.9111805
File /home/tw/.env/fbenv/lib/python3.8/site-packages/django/db/migrations/loader.py first seen with mtime 1747033758.167031
File /home/tw/.env/fbenv/lib/python3.8/site-packages/kombu/utils/objects.py first seen with mtime 1750154773.2755656
File /home/tw/.env/fbenv/lib/python3.8/site-packages/stripe/_subscription_schedule.py first seen with mtime 1750922339.6100037
File /home/tw/.env/fbenv/lib/python3.8/site-packages/django/core/files/storage/base.py first seen with mtime 1747033758.143031
File /usr/lib/python3.8/difflib.py first seen with mtime 1742328295.0
File /home/tw/.env/fbenv/lib/python3.8/site-packages/django/contrib/auth/validators.py first seen with mtime 1747033757.7950275
File /home/tw/.env/fbenv/lib/python3.8/site-packages/celery/app/utils.py first seen with mtime 1750154773.9235575
File /home/tw/.env/fbenv/lib/python3.8/site-packages/rest_framework/serializers.py first seen with mtime 1748496192.8470836
File /home/tw/.env/fbenv/lib/python3.8/site-packages/allauth/account/internal/flows/email_verification_by_code.py first seen with mtime 1750680940.8448238
File /home/tw/.env/fbenv/lib/python3.8/site-packages/django/contrib/admin/migrations/0001_initial.py first seen with mtime 1747033757.7150266
File /home/tw/.env/fbenv/lib/python3.8/site-packages/rest_framework/authtoken/__init__.py first seen with mtime 1748496192.8470836
File /home/tw/.env/fbenv/lib/python3.8/site-packages/django/contrib/staticfiles/management/__init__.py first seen with mtime 1747033758.1350307
File /home/tw/.env/fbenv/lib/python3.8/site-packages/stripe/billing_portal/__init__.py first seen with mtime 1750922339.650004
File /home/tw/.env/fbenv/lib/python3.8/site-packages/django/test/__init__.py first seen with mtime 1747033758.2030313
File /home/tw/.env/fbenv/lib/python3.8/site-packages/celery/utils/objects.py first seen with mtime 1750154773.9395576
File /home/tw/.env/fbenv/lib/python3.8/site-packages/stripe/tax/_settings_service.py first seen with mtime 1750922339.674004
File /home/tw/.env/fbenv/lib/python3.8/site-packages/django/template/__init__.py first seen with mtime 1747033758.1950312
File /home/tw/.env/fbenv/lib/python3.8/site-packages/oauthlib/oauth2/rfc6749/endpoints/authorization.py first seen with mtime 1750760834.3769298
File /usr/lib/python3.8/inspect.py first seen with mtime 1742328295.0
File /usr/lib/python3.8/ssl.py first seen with mtime 1742328295.0
File /usr/lib/python3.8/asyncio/queues.py first seen with mtime 1742328295.0
File /home/tw/fbclone/facebookclone/facebookclone/urls.py first seen with mtime 1749454099.9719646
File /home/tw/.env/fbenv/lib/python3.8/site-packages/allauth/socialaccount/__init__.py first seen with mtime 1750680940.9288256
File /home/tw/.env/fbenv/lib/python3.8/site-packages/oauthlib/oauth2/rfc6749/clients/legacy_application.py first seen with mtime 1750760834.3769298
File /home/tw/.env/fbenv/lib/python3.8/site-packages/yaml/scanner.py first seen with mtime 1750665969.8391812
File /home/tw/.env/fbenv/lib/python3.8/site-packages/stripe/_line_item.py first seen with mtime 1750922339.5860035
File /home/tw/.env/fbenv/lib/python3.8/site-packages/stripe/_test_helpers_service.py first seen with mtime 1750922339.6140037
File /home/tw/.env/fbenv/lib/python3.8/site-packages/stripe/treasury/_outbound_transfer_service.py first seen with mtime 1750922339.6860042
File /usr/lib/python3.8/_markupbase.py first seen with mtime 1742328295.0
File /home/tw/.env/fbenv/lib/python3.8/site-packages/rest_framework/utils/representation.py first seen with mtime 1748496192.8950837
File /home/tw/.env/fbenv/lib/python3.8/site-packages/django_celery_beat/signals.py first seen with mtime 1750408554.9331508
File /home/tw/.env/fbenv/lib/python3.8/site-packages/allauth/account/internal/__init__.py first seen with mtime 1750680940.8448238
File /home/tw/.env/fbenv/lib/python3.8/site-packages/stripe/_topup_service.py first seen with mtime 1750922339.6140037
File /home/tw/.env/fbenv/lib/python3.8/site-packages/django/views/generic/__init__.py first seen with mtime 1747033758.2150314
File /home/tw/.env/fbenv/lib/python3.8/site-packages/redis/_parsers/__init__.py first seen with mtime 1750154756.2637725
File /home/tw/.env/fbenv/lib/python3.8/site-packages/django/db/backends/postgresql/base.py first seen with mtime 1747033758.159031
File /home/tw/.env/fbenv/lib/python3.8/site-packages/requests_oauthlib/oauth2_session.py first seen with mtime 1750760834.476931
File /home/tw/.env/fbenv/lib/python3.8/site-packages/kombu/log.py first seen with mtime 1750154773.2635658
File /usr/lib/python3.8/email/__init__.py first seen with mtime 1742328295.0
File /home/tw/.env/fbenv/lib/python3.8/site-packages/stripe/tax/_calculation_service.py first seen with mtime 1750922339.674004
File /home/tw/.env/fbenv/lib/python3.8/site-packages/django/views/csrf.py first seen with mtime 1747033758.2150314
File /home/tw/.env/fbenv/lib/python3.8/site-packages/sqlparse/engine/filter_stack.py first seen with mtime 1747033757.4070237
File /usr/lib/python3.8/opcode.py first seen with mtime 1742328295.0
File /home/tw/.env/fbenv/lib/python3.8/site-packages/stripe/_customer_cash_balance_service.py first seen with mtime 1750922339.5740035
File /home/tw/.env/fbenv/lib/python3.8/site-packages/django/views/generic/edit.py first seen with mtime 1747033758.2190316
File /usr/lib/python3.8/argparse.py first seen with mtime 1742328295.0
File /home/tw/.env/fbenv/lib/python3.8/site-packages/django/core/files/__init__.py first seen with mtime 1747033758.1390307
File /home/tw/.env/fbenv/lib/python3.8/site-packages/allauth/socialaccount/providers/oauth/provider.py first seen with mtime 1750680940.9968271
File /home/tw/.env/fbenv/lib/python3.8/site-packages/django/contrib/auth/tokens.py first seen with mtime 1747033757.7950275
File /home/tw/.env/fbenv/lib/python3.8/site-packages/allauth/socialaccount/providers/github/views.py first seen with mtime 1750680940.9768267
File /home/tw/.env/fbenv/lib/python3.8/site-packages/celery/exceptions.py first seen with mtime 1750154773.9195576
File /usr/lib/python3.8/asyncio/selector_events.py first seen with mtime 1742328295.0
File /home/tw/.env/fbenv/lib/python3.8/site-packages/django/utils/functional.py first seen with mtime 1747033758.2110314
File /home/tw/.env/fbenv/lib/python3.8/site-packages/idna/package_data.py first seen with mtime 1750682004.2164056
File /home/tw/.env/fbenv/lib/python3.8/site-packages/rest_framework/utils/urls.py first seen with mtime 1748496192.8950837
File /usr/lib/python3.8/random.py first seen with mtime 1742328295.0
File /home/tw/fbclone/facebookclone/facebookclone/apps/fb/__init__.py first seen with mtime 1750229089.735111
File /home/tw/.env/fbenv/lib/python3.8/site-packages/stripe/checkout/_session.py first seen with mtime 1750922339.6540039
File /home/tw/.env/fbenv/lib/python3.8/site-packages/allauth/socialaccount/providers/oauth2/views.py first seen with mtime 1750680940.9968271
File /home/tw/.env/fbenv/lib/python3.8/site-packages/stripe/test_helpers/issuing/_authorization_service.py first seen with mtime 1750922339.6820042
File /home/tw/.env/fbenv/lib/python3.8/site-packages/django/core/files/storage/mixins.py first seen with mtime 1747033758.143031
File /home/tw/.env/fbenv/lib/python3.8/site-packages/django/db/models/query_utils.py first seen with mtime 1747033758.171031
File /home/tw/.env/fbenv/lib/python3.8/site-packages/stripe/_discount.py first seen with mtime 1750922339.5780034
File /home/tw/.env/fbenv/lib/python3.8/site-packages/allauth/account/__init__.py first seen with mtime 1750680940.8408237
File /home/tw/.env/fbenv/lib/python3.8/site-packages/stripe/_createable_api_resource.py first seen with mtime 1750922339.5700033
File /home/tw/.env/fbenv/lib/python3.8/site-packages/allauth/account/stages.py first seen with mtime 1750680940.8448238
File /home/tw/.env/fbenv/lib/python3.8/site-packages/sqlparse/filters/aligned_indent.py first seen with mtime 1747033757.4110239
File /home/tw/.env/fbenv/lib/python3.8/site-packages/cryptography/x509/base.py first seen with mtime 1750749385.5809593
File /home/tw/.env/fbenv/lib/python3.8/site-packages/django/db/migrations/executor.py first seen with mtime 1747033758.1630309
File /home/tw/.env/fbenv/lib/python3.8/site-packages/django/contrib/__init__.py first seen with mtime 1747033757.623026
File /home/tw/.env/fbenv/lib/python3.8/site-packages/django/db/models/constants.py first seen with mtime 1747033758.171031
File /home/tw/.env/fbenv/lib/python3.8/site-packages/allauth/socialaccount/providers/google/urls.py first seen with mtime 1750680940.9808266
File /home/tw/.env/fbenv/lib/python3.8/site-packages/click/utils.py first seen with mtime 1750154773.4915628
File /home/tw/.env/fbenv/lib/python3.8/site-packages/sqlparse/filters/__init__.py first seen with mtime 1747033757.4070237
File /home/tw/.env/fbenv/lib/python3.8/site-packages/django_celery_beat/querysets.py first seen with mtime 1750408554.9331508
File /usr/lib/python3.8/queue.py first seen with mtime 1742328295.0
File /home/tw/.env/fbenv/lib/python3.8/site-packages/stripe/issuing/_card.py first seen with mtime 1750922339.666004
File /home/tw/.env/fbenv/lib/python3.8/site-packages/sentry_sdk/integrations/redis/modules/queries.py first seen with mtime 1749449165.125964
File /home/tw/.env/fbenv/lib/python3.8/site-packages/django/db/backends/base/base.py first seen with mtime 1747033758.155031
File /home/tw/.env/fbenv/lib/python3.8/site-packages/idna/idnadata.py first seen with mtime 1750682004.2164056
File /usr/lib/python3.8/urllib/response.py first seen with mtime 1742328295.0
File /home/tw/.env/fbenv/lib/python3.8/site-packages/django/template/loader.py first seen with mtime 1747033758.1990314
File /home/tw/.env/fbenv/lib/python3.8/site-packages/django/forms/models.py first seen with mtime 1747033758.183031
File /home/tw/.env/fbenv/lib/python3.8/site-packages/django/core/signing.py first seen with mtime 1747033758.1350307
File /home/tw/.env/fbenv/lib/python3.8/site-packages/rest_framework/utils/breadcrumbs.py first seen with mtime 1748496192.8950837
File /home/tw/.env/fbenv/lib/python3.8/site-packages/oauthlib/oauth1/rfc5849/utils.py first seen with mtime 1750760834.3729296
File /home/tw/.env/fbenv/lib/python3.8/site-packages/requests_oauthlib/oauth2_auth.py first seen with mtime 1750760834.476931
File /usr/lib/python3.8/subprocess.py first seen with mtime 1742328295.0
File /home/tw/.env/fbenv/lib/python3.8/site-packages/django/db/backends/postgresql/psycopg_any.py first seen with mtime 1747033758.1630309
File /home/tw/.env/fbenv/lib/python3.8/site-packages/django/utils/module_loading.py first seen with mtime 1747033758.2110314
File /home/tw/.env/fbenv/lib/python3.8/site-packages/stripe/_customer_session_service.py first seen with mtime 1750922339.5740035
File /home/tw/.env/fbenv/lib/python3.8/site-packages/django/db/models/sql/where.py first seen with mtime 1747033758.1790311
File /usr/lib/python3.8/_weakrefset.py first seen with mtime 1742328295.0
File /home/tw/.env/fbenv/lib/python3.8/site-packages/allauth/models.py first seen with mtime 1750680940.8408237
File /home/tw/.env/fbenv/lib/python3.8/site-packages/cryptography/hazmat/primitives/serialization/base.py first seen with mtime 1750749385.5769594
File /usr/lib/python3.8/tokenize.py first seen with mtime 1742328295.0
File /home/tw/.env/fbenv/lib/python3.8/site-packages/rest_framework/views.py first seen with mtime 1748496192.8470836
File /usr/lib/python3.8/email/mime/message.py first seen with mtime 1742328295.0
File /usr/lib/python3.8/threading.py first seen with mtime 1742328295.0
File /home/tw/.env/fbenv/lib/python3.8/site-packages/stripe/climate/_product.py first seen with mtime 1750922339.6540039
File /home/tw/.env/fbenv/lib/python3.8/site-packages/stripe/reporting/_report_run_service.py first seen with mtime 1750922339.674004
File /home/tw/.env/fbenv/lib/python3.8/site-packages/PIL/ImageMode.py first seen with mtime 1747034328.9873164
File /usr/lib/python3.8/_sitebuiltins.py first seen with mtime 1742328295.0
File /home/tw/.env/fbenv/lib/python3.8/site-packages/oauthlib/oauth1/rfc5849/request_validator.py first seen with mtime 1750760834.3729296
File /home/tw/.env/fbenv/lib/python3.8/site-packages/stripe/_multipart_data_generator.py first seen with mtime 1750922339.5860035
File /home/tw/.env/fbenv/lib/python3.8/site-packages/django/db/models/fields/proxy.py first seen with mtime 1747033758.1750312
File /home/tw/.env/fbenv/lib/python3.8/site-packages/celery/worker/__init__.py first seen with mtime 1750154773.9435575
File /home/tw/.env/fbenv/lib/python3.8/site-packages/allauth/socialaccount/urls.py first seen with mtime 1750680940.9328256
File /home/tw/.env/fbenv/lib/python3.8/site-packages/allauth/account/internal/flows/logout.py first seen with mtime 1750680940.8448238
File /home/tw/.env/fbenv/lib/python3.8/site-packages/click/types.py first seen with mtime 1750154773.4915628
File /home/tw/.env/fbenv/lib/python3.8/site-packages/stripe/_plan.py first seen with mtime 1750922339.5980036
File /home/tw/.env/fbenv/lib/python3.8/site-packages/uritemplate/variable.py first seen with mtime 1750665969.8231814
File /home/tw/.env/fbenv/lib/python3.8/site-packages/django/views/decorators/common.py first seen with mtime 1747033758.2150314
File /home/tw/.env/fbenv/lib/python3.8/site-packages/stripe/_payment_method_domain.py first seen with mtime 1750922339.5940034
File /home/tw/.env/fbenv/lib/python3.8/site-packages/stripe/_payment_method_domain_service.py first seen with mtime 1750922339.5980036
File /usr/lib/python3.8/email/policy.py first seen with mtime 1742328295.0
File /home/tw/.env/fbenv/lib/python3.8/site-packages/celery/utils/graph.py first seen with mtime 1750154773.9395576
File /home/tw/.env/fbenv/lib/python3.8/site-packages/allauth/templatetags/__init__.py first seen with mtime 1750680941.0688286
File /home/tw/.env/fbenv/lib/python3.8/site-packages/sqlparse/engine/statement_splitter.py first seen with mtime 1747033757.4070237
File /home/tw/.env/fbenv/lib/python3.8/site-packages/django/contrib/staticfiles/apps.py first seen with mtime 1747033758.1310306
File /home/tw/.env/fbenv/lib/python3.8/site-packages/stripe/terminal/_configuration_service.py first seen with mtime 1750922339.678004
File /home/tw/.env/fbenv/lib/python3.8/site-packages/stripe/test_helpers/_terminal_service.py first seen with mtime 1750922339.678004
File /home/tw/.env/fbenv/lib/python3.8/site-packages/django/template/exceptions.py first seen with mtime 1747033758.1990314
File /home/tw/.env/fbenv/lib/python3.8/site-packages/stripe/identity/_verification_session.py first seen with mtime 1750922339.662004
File /home/tw/.env/fbenv/lib/python3.8/site-packages/stripe/_subscription_service.py first seen with mtime 1750922339.6140037
File /home/tw/.env/fbenv/lib/python3.8/site-packages/stripe/_coupon_service.py first seen with mtime 1750922339.5700033
File /home/tw/.env/fbenv/lib/python3.8/site-packages/django/contrib/staticfiles/utils.py first seen with mtime 1747033758.1350307
File /home/tw/.env/fbenv/lib/python3.8/site-packages/stripe/_util.py first seen with mtime 1750922339.6180036
File /home/tw/.env/fbenv/lib/python3.8/site-packages/django/core/checks/caches.py first seen with mtime 1747033758.1390307
File /home/tw/.env/fbenv/lib/python3.8/site-packages/django/core/management/base.py first seen with mtime 1747033758.1470308
File /home/tw/.env/fbenv/lib/python3.8/site-packages/django_celery_results/admin.py first seen with mtime 1750408554.9851513
File /usr/lib/python3.8/asyncio/sslproto.py first seen with mtime 1742328295.0
File /usr/lib/python3.8/_compat_pickle.py first seen with mtime 1742328295.0
File /home/tw/.env/fbenv/lib/python3.8/site-packages/django/core/paginator.py first seen with mtime 1747033758.1350307
File /home/tw/.env/fbenv/lib/python3.8/site-packages/allauth/core/__init__.py first seen with mtime 1750680940.852824
File /home/tw/.env/fbenv/lib/python3.8/site-packages/sentry_sdk/integrations/asgi.py first seen with mtime 1749449165.1139638
File /home/tw/.env/fbenv/lib/python3.8/site-packages/stripe/_any_iterator.py first seen with mtime 1750922339.5620034
File /home/tw/.env/fbenv/lib/python3.8/site-packages/stripe/_application.py first seen with mtime 1750922339.5660033
File /usr/lib/python3.8/xml/etree/ElementPath.py first seen with mtime 1742328295.0
File /usr/lib/python3.8/datetime.py first seen with mtime 1742328295.0
File /home/tw/.env/fbenv/lib/python3.8/site-packages/celery/app/base.py first seen with mtime 1750154773.9195576
File /home/tw/.env/fbenv/lib/python3.8/site-packages/stripe/test_helpers/issuing/_transaction_service.py first seen with mtime 1750922339.6820042
File /home/tw/.env/fbenv/lib/python3.8/site-packages/django/db/backends/postgresql/schema.py first seen with mtime 1747033758.1630309
File /home/tw/.env/fbenv/lib/python3.8/site-packages/django/contrib/contenttypes/forms.py first seen with mtime 1747033757.839028
File /home/tw/.env/fbenv/lib/python3.8/site-packages/django/core/files/storage/memory.py first seen with mtime 1747033758.143031
File /home/tw/.env/fbenv/lib/python3.8/site-packages/uritemplate/template.py first seen with mtime 1750665969.8231814
File /usr/lib/python3.8/multiprocessing/process.py first seen with mtime 1742328295.0
File /home/tw/.env/fbenv/lib/python3.8/site-packages/stripe/_source.py first seen with mtime 1750922339.6060035
File /home/tw/.env/fbenv/lib/python3.8/site-packages/PIL/TiffTags.py first seen with mtime 1747034328.9953165
File /home/tw/.env/fbenv/lib/python3.8/site-packages/django/db/migrations/operations/fields.py first seen with mtime 1747033758.167031
File /home/tw/.env/fbenv/lib/python3.8/site-packages/stripe/treasury/_received_credit_service.py first seen with mtime 1750922339.6860042
File /usr/lib/python3.8/dbm/__init__.py first seen with mtime 1742328295.0
File /home/tw/.env/fbenv/lib/python3.8/site-packages/stripe/_quote_service.py first seen with mtime 1750922339.6020036
File /home/tw/.env/fbenv/lib/python3.8/site-packages/cron_descriptor/ExpressionParser.py first seen with mtime 1750408554.8971503
File /home/tw/.env/fbenv/lib/python3.8/site-packages/stripe/radar/_value_list_item_service.py first seen with mtime 1750922339.6700041
File /home/tw/.env/fbenv/lib/python3.8/site-packages/stripe/_webhook_endpoint_service.py first seen with mtime 1750922339.6180036
File /home/tw/.env/fbenv/lib/python3.8/site-packages/django_celery_beat/models.py first seen with mtime 1750408554.9331508
File /home/tw/.env/fbenv/lib/python3.8/site-packages/stripe/treasury/_transaction_entry.py first seen with mtime 1750922339.690004
File /home/tw/.env/fbenv/lib/python3.8/site-packages/stripe/tax/_settings.py first seen with mtime 1750922339.674004
File /home/tw/.env/fbenv/lib/python3.8/site-packages/stripe/v2/core/_event_service.py first seen with mtime 1750922339.690004
File /home/tw/.env/fbenv/lib/python3.8/site-packages/sentry_sdk/integrations/atexit.py first seen with mtime 1749449165.1139638
File /home/tw/.env/fbenv/lib/python3.8/site-packages/celery/app/backends.py first seen with mtime 1750154773.9195576
File /home/tw/fbclone/facebookclone/facebookclone/apps/fb/manager.py first seen with mtime 1751276981.9406378
File /home/tw/.env/fbenv/lib/python3.8/site-packages/stripe/_radar_service.py first seen with mtime 1750922339.6020036
File /home/tw/.env/fbenv/lib/python3.8/site-packages/django/core/checks/templates.py first seen with mtime 1747033758.1390307
File /home/tw/.env/fbenv/lib/python3.8/site-packages/sentry_sdk/crons/decorator.py first seen with mtime 1749449165.109964
File /home/tw/.env/fbenv/lib/python3.8/site-packages/sentry_sdk/transport.py first seen with mtime 1749449165.109964
File /home/tw/.env/fbenv/lib/python3.8/site-packages/charset_normalizer/utils.py first seen with mtime 1750682004.3164067
File /home/tw/.env/fbenv/lib/python3.8/site-packages/amqp/protocol.py first seen with mtime 1750154773.1875665
File /home/tw/.env/fbenv/lib/python3.8/site-packages/stripe/_invoice_rendering_template.py first seen with mtime 1750922339.5860035
File /home/tw/.env/fbenv/lib/python3.8/site-packages/django_celery_beat/validators.py first seen with mtime 1750408554.9331508
File /home/tw/.env/fbenv/lib/python3.8/site-packages/sentry_sdk/integrations/excepthook.py first seen with mtime 1749449165.1139638
File /home/tw/.env/fbenv/lib/python3.8/site-packages/stripe/sigma/__init__.py first seen with mtime 1750922339.674004
File /home/tw/.env/fbenv/lib/python3.8/site-packages/sentry_sdk/integrations/django/signals_handlers.py first seen with mtime 1749449165.121964
File /home/tw/.env/fbenv/lib/python3.8/site-packages/django/core/cache/__init__.py first seen with mtime 1747033758.1350307
File /home/tw/.env/fbenv/lib/python3.8/site-packages/oauthlib/oauth2/rfc6749/clients/__init__.py first seen with mtime 1750760834.3769298
File /home/tw/.env/fbenv/lib/python3.8/site-packages/stripe/billing/_meter_event_service.py first seen with mtime 1750922339.650004
File /home/tw/.env/fbenv/lib/python3.8/site-packages/dateutil/tz/_factories.py first seen with mtime 1749639178.88189
File /home/tw/.env/fbenv/lib/python3.8/site-packages/rest_framework/relations.py first seen with mtime 1748496192.8430836
File /home/tw/.env/fbenv/lib/python3.8/site-packages/django/conf/locale/__init__.py first seen with mtime 1747033757.535025
File /home/tw/.env/fbenv/lib/python3.8/site-packages/sqlparse/sql.py first seen with mtime 1747033757.4070237
File /home/tw/.env/fbenv/lib/python3.8/site-packages/packaging/version.py first seen with mtime 1750154773.219566
File /home/tw/.env/fbenv/lib/python3.8/site-packages/stripe/v2/__init__.py first seen with mtime 1750922339.690004
File /home/tw/.env/fbenv/lib/python3.8/site-packages/sentry_sdk/integrations/aws_lambda.py first seen with mtime 1749449165.1139638
File /home/tw/.env/fbenv/lib/python3.8/site-packages/rest_framework/schemas/views.py first seen with mtime 1748496192.8670835
File /usr/lib/python3.8/email/headerregistry.py first seen with mtime 1742328295.0
File /usr/lib/python3.8/multiprocessing/__init__.py first seen with mtime 1742328295.0
File /home/tw/.env/fbenv/lib/python3.8/site-packages/django/contrib/postgres/fields/jsonb.py first seen with mtime 1747033758.0070295
File /home/tw/.env/fbenv/lib/python3.8/site-packages/django/db/backends/base/schema.py first seen with mtime 1747033758.155031
File /home/tw/.env/fbenv/lib/python3.8/site-packages/rest_framework_simplejwt/authentication.py first seen with mtime 1748864876.2747958
File /home/tw/.env/fbenv/lib/python3.8/site-packages/psycopg2/__init__.py first seen with mtime 1747034246.770805
File /home/tw/.env/fbenv/lib/python3.8/site-packages/stripe/_credit_note_preview_lines_service.py first seen with mtime 1750922339.5740035
File /home/tw/.env/fbenv/lib/python3.8/site-packages/stripe/test_helpers/__init__.py first seen with mtime 1750922339.678004
File /home/tw/.env/fbenv/lib/python3.8/site-packages/stripe/_review.py first seen with mtime 1750922339.6020036
File /home/tw/.env/fbenv/lib/python3.8/site-packages/stripe/events/_v1_billing_meter_no_meter_found_event.py first seen with mtime 1750922339.658004
File /home/tw/.env/fbenv/lib/python3.8/site-packages/allauth/account/internal/flows/manage_email.py first seen with mtime 1750680940.8448238
File /usr/lib/python3.8/email/utils.py first seen with mtime 1742328295.0
File /home/tw/.env/fbenv/lib/python3.8/site-packages/click/core.py first seen with mtime 1750154773.4915628
File /home/tw/.env/fbenv/lib/python3.8/site-packages/stripe/_customer_service.py first seen with mtime 1750922339.5740035
File /home/tw/.env/fbenv/lib/python3.8/site-packages/stripe/_transfer_reversal_service.py first seen with mtime 1750922339.6180036
File /home/tw/.env/fbenv/lib/python3.8/site-packages/stripe/v2/_core_service.py first seen with mtime 1750922339.690004
File /home/tw/.env/fbenv/lib/python3.8/site-packages/stripe/issuing/_authorization.py first seen with mtime 1750922339.666004
File /home/tw/.env/fbenv/lib/python3.8/site-packages/urllib3/connection.py first seen with mtime 1749449165.0179632
File /usr/lib/python3.8/email/mime/__init__.py first seen with mtime 1742328295.0
File /home/tw/.env/fbenv/lib/python3.8/site-packages/drf_yasg/openapi.py first seen with mtime 1750665969.9111805
File /home/tw/.env/fbenv/lib/python3.8/site-packages/stripe/_tax_service.py first seen with mtime 1750922339.6140037
File /home/tw/.env/fbenv/lib/python3.8/site-packages/stripe/_price.py first seen with mtime 1750922339.5980036
File /usr/lib/python3.8/email/quoprimime.py first seen with mtime 1742328295.0
File /home/tw/.env/fbenv/lib/python3.8/site-packages/urllib3/connectionpool.py first seen with mtime 1749449165.0179632
File /home/tw/.env/fbenv/lib/python3.8/site-packages/billiard/pool.py first seen with mtime 1750154773.4155638
File /home/tw/.env/fbenv/lib/python3.8/site-packages/stripe/_customer_payment_source_service.py first seen with mtime 1750922339.5740035
File /home/tw/.env/fbenv/lib/python3.8/site-packages/celery/platforms.py first seen with mtime 1750154773.9195576
File /home/tw/.env/fbenv/lib/python3.8/site-packages/allauth/socialaccount/internal/flows/connect.py first seen with mtime 1750680940.9328256
File /home/tw/.env/fbenv/lib/python3.8/site-packages/django/db/models/functions/window.py first seen with mtime 1747033758.1750312
File /home/tw/.env/fbenv/lib/python3.8/site-packages/celery/concurrency/__init__.py first seen with mtime 1750154773.9315577
File /home/tw/.env/fbenv/lib/python3.8/site-packages/django/db/backends/utils.py first seen with mtime 1747033758.155031
File /home/tw/.env/fbenv/lib/python3.8/site-packages/cryptography/hazmat/backends/__init__.py first seen with mtime 1750749385.4849586
File /home/tw/.env/fbenv/lib/python3.8/site-packages/django/views/static.py first seen with mtime 1747033758.2150314
File /home/tw/.env/fbenv/lib/python3.8/site-packages/backports/zoneinfo/_common.py first seen with mtime 1747033757.3910236
File /usr/lib/python3.8/lib-dynload/_decimal.cpython-38-x86_64-linux-gnu.so first seen with mtime 1742328295.0
File /home/tw/.env/fbenv/lib/python3.8/site-packages/stripe/entitlements/_feature.py first seen with mtime 1750922339.658004
File /home/tw/.env/fbenv/lib/python3.8/site-packages/stripe/_subscription_item_service.py first seen with mtime 1750922339.6100037
File /home/tw/.env/fbenv/lib/python3.8/site-packages/django/contrib/admin/decorators.py first seen with mtime 1747033757.623026
File /home/tw/.env/fbenv/lib/python3.8/site-packages/billiard/connection.py first seen with mtime 1750154773.4155638
File /home/tw/.env/fbenv/lib/python3.8/site-packages/requests/models.py first seen with mtime 1750682004.348407
File /home/tw/.env/fbenv/lib/python3.8/site-packages/sentry_sdk/integrations/redis/redis_py_cluster_legacy.py first seen with mtime 1749449165.125964
File /home/tw/.env/fbenv/lib/python3.8/site-packages/django/template/backends/base.py first seen with mtime 1747033758.1990314
File /usr/lib/python3.8/asyncio/unix_events.py first seen with mtime 1742328295.0
File /home/tw/.env/fbenv/lib/python3.8/site-packages/django/contrib/auth/decorators.py first seen with mtime 1747033757.7910273
File /home/tw/.env/fbenv/lib/python3.8/site-packages/django/utils/asyncio.py first seen with mtime 1747033758.2070315
File /home/tw/.env/fbenv/lib/python3.8/site-packages/oauthlib/oauth2/rfc6749/grant_types/authorization_code.py first seen with mtime 1750760834.3809297
File /home/tw/.env/fbenv/lib/python3.8/site-packages/stripe/_searchable_api_resource.py first seen with mtime 1750922339.6020036
File /home/tw/.env/fbenv/lib/python3.8/site-packages/stripe/_invoice.py first seen with mtime 1750922339.5820034
File /home/tw/.env/fbenv/lib/python3.8/site-packages/sentry_sdk/integrations/_wsgi_common.py first seen with mtime 1749449165.109964
File /home/tw/.env/fbenv/lib/python3.8/site-packages/urllib3/_base_connection.py first seen with mtime 1749449165.0179632
File /home/tw/.env/fbenv/lib/python3.8/site-packages/allauth/core/exceptions.py first seen with mtime 1750680940.856824
File /usr/lib/python3.8/shutil.py first seen with mtime 1742328295.0
File /home/tw/.env/fbenv/lib/python3.8/site-packages/defusedxml/ElementTree.py first seen with mtime 1750760834.4529307
File /home/tw/.env/fbenv/lib/python3.8/site-packages/django/db/backends/base/client.py first seen with mtime 1747033758.155031
File /home/tw/.env/fbenv/lib/python3.8/site-packages/PIL/_deprecate.py first seen with mtime 1747034329.0233166
File /home/tw/.env/fbenv/lib/python3.8/site-packages/redis/crc.py first seen with mtime 1750154756.2637725
File /home/tw/.env/fbenv/lib/python3.8/site-packages/stripe/_payment_method_configuration.py first seen with mtime 1750922339.5940034
File /home/tw/.env/fbenv/lib/python3.8/site-packages/billiard/reduction.py first seen with mtime 1750154773.4195638
File /home/tw/.env/fbenv/lib/python3.8/site-packages/amqp/__init__.py first seen with mtime 1750154773.1835666
File /home/tw/.env/fbenv/lib/python3.8/site-packages/rest_framework/response.py first seen with mtime 1748496192.8430836
File /home/tw/.env/fbenv/lib/python3.8/site-packages/celery/utils/serialization.py first seen with mtime 1750154773.9395576
File /home/tw/.env/fbenv/lib/python3.8/site-packages/cryptography/__init__.py first seen with mtime 1750749385.4849586
File /home/tw/.env/fbenv/lib/python3.8/site-packages/oauthlib/oauth2/rfc6749/parameters.py first seen with mtime 1750760834.3769298
File /usr/lib/python3.8/dataclasses.py first seen with mtime 1742328295.0
File /home/tw/.env/fbenv/lib/python3.8/site-packages/django/db/migrations/operations/base.py first seen with mtime 1747033758.167031
File /home/tw/.env/fbenv/lib/python3.8/site-packages/django/contrib/auth/password_validation.py first seen with mtime 1747033757.7950275
File /home/tw/.env/fbenv/lib/python3.8/site-packages/django/db/migrations/graph.py first seen with mtime 1747033758.167031
File /home/tw/.env/fbenv/lib/python3.8/site-packages/django/contrib/auth/checks.py first seen with mtime 1747033757.7910273
File /home/tw/.env/fbenv/lib/python3.8/site-packages/django/views/decorators/debug.py first seen with mtime 1747033758.2150314
File /usr/lib/python3.8/lib-dynload/_asyncio.cpython-38-x86_64-linux-gnu.so first seen with mtime 1742328295.0
File /home/tw/.env/fbenv/lib/python3.8/site-packages/stripe/billing/_alert_triggered.py first seen with mtime 1750922339.650004
File /home/tw/.env/fbenv/lib/python3.8/site-packages/django/core/checks/messages.py first seen with mtime 1747033758.1390307
File /home/tw/.env/fbenv/lib/python3.8/site-packages/stripe/test_helpers/_refund_service.py first seen with mtime 1750922339.678004
File /home/tw/.env/fbenv/lib/python3.8/site-packages/django/contrib/auth/middleware.py first seen with mtime 1747033757.7910273
File /home/tw/.env/fbenv/lib/python3.8/site-packages/rest_framework/settings.py first seen with mtime 1748496192.8470836
File /home/tw/.env/fbenv/lib/python3.8/site-packages/dateutil/__init__.py first seen with mtime 1749639178.87789
File /home/tw/.env/fbenv/lib/python3.8/site-packages/stripe/_apple_pay_domain_service.py first seen with mtime 1750922339.5660033
File /home/tw/.env/fbenv/lib/python3.8/site-packages/cryptography/hazmat/primitives/asymmetric/rsa.py first seen with mtime 1750749385.5729592
File /home/tw/.env/fbenv/lib/python3.8/site-packages/_cffi_backend.cpython-38-x86_64-linux-gnu.so first seen with mtime 1750749385.4209583
File /home/tw/.env/fbenv/lib/python3.8/site-packages/redis/_parsers/resp3.py first seen with mtime 1750154756.2677724
File /home/tw/.env/fbenv/lib/python3.8/site-packages/timezone_field/forms.py first seen with mtime 1750408554.9211507
File /home/tw/.env/fbenv/lib/python3.8/site-packages/django/db/backends/ddl_references.py first seen with mtime 1747033758.155031
File /home/tw/.env/fbenv/lib/python3.8/site-packages/django/db/models/utils.py first seen with mtime 1747033758.171031
File /home/tw/.env/fbenv/lib/python3.8/site-packages/django/contrib/postgres/fields/citext.py first seen with mtime 1747033758.0030293
File /home/tw/.env/fbenv/lib/python3.8/site-packages/redis/commands/cluster.py first seen with mtime 1750154756.2677724
File /home/tw/.env/fbenv/lib/python3.8/site-packages/stripe/_encode.py first seen with mtime 1750922339.5780034
File /usr/lib/python3.8/copyreg.py first seen with mtime 1742328295.0
File /home/tw/.env/fbenv/lib/python3.8/site-packages/django/template/defaulttags.py first seen with mtime 1747033758.1990314
File /usr/lib/python3.8/calendar.py first seen with mtime 1742328295.0
File /home/tw/.env/fbenv/lib/python3.8/site-packages/django/contrib/admin/migrations/0002_logentry_remove_auto_add.py first seen with mtime 1747033757.7150266
File /home/tw/.env/fbenv/lib/python3.8/site-packages/stripe/tax/_transaction_service.py first seen with mtime 1750922339.678004
File /home/tw/.env/fbenv/lib/python3.8/site-packages/sentry_sdk/integrations/django/templates.py first seen with mtime 1749449165.121964
File /home/tw/.env/fbenv/lib/python3.8/site-packages/cron_descriptor/CasingTypeEnum.py first seen with mtime 1750408554.8931503
File /home/tw/.env/fbenv/lib/python3.8/site-packages/django/template/autoreload.py first seen with mtime 1747033758.1950312
File /home/tw/.env/fbenv/lib/python3.8/site-packages/allauth/socialaccount/templatetags/__init__.py first seen with mtime 1750680941.040828
File /home/tw/fbclone/facebookclone/facebookclone/apps/fb/forms.py first seen with mtime 1750850633.6815543
File /home/tw/.env/fbenv/lib/python3.8/site-packages/stripe/_entitlements_service.py first seen with mtime 1750922339.5780034
File /home/tw/.env/fbenv/lib/python3.8/site-packages/stripe/_credit_note_line_item.py first seen with mtime 1750922339.5740035
File /home/tw/.env/fbenv/lib/python3.8/site-packages/stripe/tax/_registration.py first seen with mtime 1750922339.674004
File /home/tw/.env/fbenv/lib/python3.8/site-packages/redis/asyncio/connection.py first seen with mtime 1750154756.2677724
File /home/tw/.env/fbenv/lib/python3.8/site-packages/django/core/serializers/base.py first seen with mtime 1747033758.1510308
File /home/tw/.env/fbenv/lib/python3.8/site-packages/django/core/handlers/exception.py first seen with mtime 1747033758.143031
File /home/tw/.env/fbenv/lib/python3.8/site-packages/allauth/account/forms.py first seen with mtime 1750680940.8408237
File /home/tw/.env/fbenv/lib/python3.8/site-packages/sentry_sdk/integrations/celery/__init__.py first seen with mtime 1749449165.121964
File /home/tw/.env/fbenv/lib/python3.8/site-packages/django/contrib/postgres/validators.py first seen with mtime 1747033758.0030293
File /home/tw/.env/fbenv/lib/python3.8/site-packages/_distutils_hack/__init__.py first seen with mtime 1750680928.0285454
File /home/tw/.env/fbenv/lib/python3.8/site-packages/django/contrib/admin/options.py first seen with mtime 1747033757.6270258
File /home/tw/.env/fbenv/lib/python3.8/site-packages/stripe/issuing/_token_service.py first seen with mtime 1750922339.6700041
File /home/tw/.env/fbenv/lib/python3.8/site-packages/stripe/billing_portal/_configuration.py first seen with mtime 1750922339.6540039
File /home/tw/.env/fbenv/lib/python3.8/site-packages/celery/bootsteps.py first seen with mtime 1750154773.9155576
File /home/tw/.env/fbenv/lib/python3.8/site-packages/allauth/socialaccount/providers/oauth2/urls.py first seen with mtime 1750680940.9968271
File /home/tw/.env/fbenv/lib/python3.8/site-packages/django/contrib/auth/migrations/__init__.py first seen with mtime 1747033757.839028
File /usr/lib/python3.8/glob.py first seen with mtime 1742328295.0
File /home/tw/.env/fbenv/lib/python3.8/site-packages/allauth/socialaccount/providers/base/provider.py first seen with mtime 1750680940.944826
File /usr/lib/python3.8/sre_compile.py first seen with mtime 1742328295.0
File /home/tw/.env/fbenv/lib/python3.8/site-packages/oauthlib/oauth2/rfc6749/clients/service_application.py first seen with mtime 1750760834.3769298
File /home/tw/.env/fbenv/lib/python3.8/site-packages/django/core/cache/backends/filebased.py first seen with mtime 1747033758.1390307
File /usr/lib/python3.8/email/contentmanager.py first seen with mtime 1742328295.0
File /home/tw/.env/fbenv/lib/python3.8/site-packages/django/utils/deprecation.py first seen with mtime 1747033758.2070315
File /home/tw/.env/fbenv/lib/python3.8/site-packages/sentry_sdk/sessions.py first seen with mtime 1749449165.109964
File /usr/lib/python3.8/contextlib.py first seen with mtime 1742328295.0
File /home/tw/.env/fbenv/lib/python3.8/site-packages/stripe/_treasury_service.py first seen with mtime 1750922339.6180036
File /home/tw/.env/fbenv/lib/python3.8/site-packages/celery/signals.py first seen with mtime 1750154773.9195576
File /home/tw/.env/fbenv/lib/python3.8/site-packages/psycopg2/_json.py first seen with mtime 1747034246.770805
File /home/tw/.env/fbenv/lib/python3.8/site-packages/rest_framework_simplejwt/__init__.py first seen with mtime 1748864876.2747958
File /usr/lib/python3.8/xml/etree/ElementTree.py first seen with mtime 1742328295.0
File /home/tw/.env/fbenv/lib/python3.8/site-packages/yaml/nodes.py first seen with mtime 1750665969.8391812
File /home/tw/.env/fbenv/lib/python3.8/site-packages/django/db/backends/postgresql/features.py first seen with mtime 1747033758.1630309
File /home/tw/.env/fbenv/lib/python3.8/site-packages/django/utils/__init__.py first seen with mtime 1747033758.2070315
File /home/tw/.env/fbenv/lib/python3.8/site-packages/django/urls/converters.py first seen with mtime 1747033758.2070315
File /home/tw/.env/fbenv/lib/python3.8/site-packages/stripe/test_helpers/_issuing_service.py first seen with mtime 1750922339.678004
File /home/tw/.env/fbenv/lib/python3.8/site-packages/django/contrib/admin/sites.py first seen with mtime 1747033757.6270258
File /usr/lib/python3.8/lib-dynload/_lzma.cpython-38-x86_64-linux-gnu.so first seen with mtime 1742328295.0
File /home/tw/.env/fbenv/lib/python3.8/site-packages/allauth/socialaccount/admin.py first seen with mtime 1750680940.9328256
File /home/tw/.env/fbenv/lib/python3.8/site-packages/sentry_sdk/ai/__init__.py first seen with mtime 1749449165.109964
File /home/tw/.env/fbenv/lib/python3.8/site-packages/oauthlib/openid/connect/core/grant_types/__init__.py first seen with mtime 1750760834.38493
File /home/tw/.env/fbenv/lib/python3.8/site-packages/stripe/_apple_pay_domain.py first seen with mtime 1750922339.5660033
File /home/tw/.env/fbenv/lib/python3.8/site-packages/stripe/_token.py first seen with mtime 1750922339.6140037
File /home/tw/.env/fbenv/lib/python3.8/site-packages/stripe/forwarding/_request_service.py first seen with mtime 1750922339.662004
File /home/tw/.env/fbenv/lib/python3.8/site-packages/inflection/__init__.py first seen with mtime 1750665969.8991807
File /home/tw/.env/fbenv/lib/python3.8/site-packages/cffi/__init__.py first seen with mtime 1750749385.4249582
File /home/tw/.env/fbenv/lib/python3.8/site-packages/rest_framework/compat.py first seen with mtime 1748496192.8430836
File /home/tw/.env/fbenv/lib/python3.8/site-packages/redis/asyncio/retry.py first seen with mtime 1750154756.2677724
File /home/tw/.env/fbenv/lib/python3.8/site-packages/sqlparse/utils.py first seen with mtime 1747033757.4070237
File /home/tw/.env/fbenv/lib/python3.8/site-packages/allauth/decorators.py first seen with mtime 1750680940.8408237
File /home/tw/.env/fbenv/lib/python3.8/site-packages/django/views/generic/base.py first seen with mtime 1747033758.2190316
File /home/tw/.env/fbenv/lib/python3.8/site-packages/stripe/_invoice_rendering_template_service.py first seen with mtime 1750922339.5860035
File /home/tw/.env/fbenv/lib/python3.8/site-packages/redis/_parsers/base.py first seen with mtime 1750154756.2637725
File /home/tw/.env/fbenv/lib/python3.8/site-packages/sentry_sdk/integrations/redis/modules/caches.py first seen with mtime 1749449165.125964
File /home/tw/.env/fbenv/lib/python3.8/site-packages/celery/schedules.py first seen with mtime 1750154773.9195576
File /home/tw/.env/fbenv/lib/python3.8/site-packages/sentry_sdk/integrations/redis/utils.py first seen with mtime 1749449165.125964
File /home/tw/.env/fbenv/lib/python3.8/site-packages/django/contrib/sessions/exceptions.py first seen with mtime 1747033758.06703
File /home/tw/.env/fbenv/lib/python3.8/site-packages/stripe/_product_feature.py first seen with mtime 1750922339.5980036
File /home/tw/.env/fbenv/lib/python3.8/site-packages/oauthlib/oauth2/rfc8628/clients/device.py first seen with mtime 1750760834.3809297
File /home/tw/.env/fbenv/lib/python3.8/site-packages/django/core/handlers/base.py first seen with mtime 1747033758.143031
File /home/tw/.env/fbenv/lib/python3.8/site-packages/allauth/socialaccount/providers/oauth/client.py first seen with mtime 1750680940.9968271
File /usr/lib/python3.8/__future__.py first seen with mtime 1742328295.0
File /home/tw/.env/fbenv/lib/python3.8/site-packages/celery/utils/abstract.py first seen with mtime 1750154773.9395576
File /home/tw/.env/fbenv/lib/python3.8/site-packages/django/views/decorators/cache.py first seen with mtime 1747033758.2150314
File /home/tw/.env/fbenv/lib/python3.8/site-packages/psycopg2/_ipaddress.py first seen with mtime 1747034246.770805
File /home/tw/.env/fbenv/lib/python3.8/site-packages/django/core/checks/compatibility/django_4_0.py first seen with mtime 1747033758.1390307
File /usr/lib/python3.8/stat.py first seen with mtime 1742328295.0
File /home/tw/.env/fbenv/lib/python3.8/site-packages/stripe/financial_connections/_account_service.py first seen with mtime 1750922339.662004
File /home/tw/.env/fbenv/lib/python3.8/site-packages/sentry_sdk/feature_flags.py first seen with mtime 1749449165.105964
File /home/tw/.env/fbenv/lib/python3.8/site-packages/amqp/exceptions.py first seen with mtime 1750154773.1875665
File /home/tw/.env/fbenv/lib/python3.8/site-packages/urllib3/http2/__init__.py first seen with mtime 1749449165.0219631
File /home/tw/.env/fbenv/lib/python3.8/site-packages/cryptography/exceptions.py first seen with mtime 1750749385.4849586
File /home/tw/.env/fbenv/lib/python3.8/site-packages/stripe/identity/_verification_report.py first seen with mtime 1750922339.662004
File /home/tw/.env/fbenv/lib/python3.8/site-packages/django/core/checks/security/base.py first seen with mtime 1747033758.1390307
File /home/tw/.env/fbenv/lib/python3.8/site-packages/urllib3/util/ssltransport.py first seen with mtime 1749449165.0219631
File /home/tw/.env/fbenv/lib/python3.8/site-packages/backports/zoneinfo/_czoneinfo.cpython-38-x86_64-linux-gnu.so first seen with mtime 1747033757.3910236
File /home/tw/.env/fbenv/lib/python3.8/site-packages/sentry_sdk/integrations/django/asgi.py first seen with mtime 1749449165.121964
File /home/tw/.env/fbenv/lib/python3.8/site-packages/celery/app/autoretry.py first seen with mtime 1750154773.9195576
File /home/tw/.env/fbenv/lib/python3.8/site-packages/celery/app/builtins.py first seen with mtime 1750154773.9195576
File /home/tw/.env/fbenv/lib/python3.8/site-packages/django/db/backends/base/features.py first seen with mtime 1747033758.155031
File /home/tw/.env/fbenv/lib/python3.8/site-packages/kombu/transport/__init__.py first seen with mtime 1750154773.2675657
File /home/tw/.env/fbenv/lib/python3.8/site-packages/oauthlib/oauth1/rfc5849/endpoints/authorization.py first seen with mtime 1750760834.3729296
File /home/tw/.env/fbenv/lib/python3.8/site-packages/allauth/socialaccount/providers/github/provider.py first seen with mtime 1750680940.9768267
File /home/tw/.env/fbenv/lib/python3.8/site-packages/allauth/account/internal/flows/phone_verification.py first seen with mtime 1750680940.8488238
File /home/tw/.env/fbenv/lib/python3.8/site-packages/stripe/_source_transaction.py first seen with mtime 1750922339.6100037
File /home/tw/.env/fbenv/lib/python3.8/site-packages/yaml/parser.py first seen with mtime 1750665969.8391812
File /home/tw/.env/fbenv/lib/python3.8/site-packages/stripe/_connect_collection_transfer.py first seen with mtime 1750922339.5700033
File /usr/lib/python3.8/unittest/main.py first seen with mtime 1742328295.0
File /home/tw/.env/fbenv/lib/python3.8/site-packages/django/utils/lorem_ipsum.py first seen with mtime 1747033758.2110314
File /home/tw/.env/fbenv/lib/python3.8/site-packages/rest_framework/checks.py first seen with mtime 1748496192.8430836
File /home/tw/.env/fbenv/lib/python3.8/site-packages/django/db/models/sql/query.py first seen with mtime 1747033758.1790311
File /home/tw/.env/fbenv/lib/python3.8/site-packages/rest_framework/renderers.py first seen with mtime 1748496192.8430836
File /home/tw/.env/fbenv/lib/python3.8/site-packages/click/termui.py first seen with mtime 1750154773.4915628
File /home/tw/.env/fbenv/lib/python3.8/site-packages/charset_normalizer/version.py first seen with mtime 1750682004.3164067
File /home/tw/.env/fbenv/lib/python3.8/site-packages/allauth/socialaccount/providers/oauth2/utils.py first seen with mtime 1750680940.9968271
File /home/tw/.env/fbenv/lib/python3.8/site-packages/stripe/radar/_value_list_item.py first seen with mtime 1750922339.6700041
File /home/tw/.env/fbenv/lib/python3.8/site-packages/stripe/entitlements/_active_entitlement_summary.py first seen with mtime 1750922339.658004
File /usr/lib/python3.8/lib-dynload/_contextvars.cpython-38-x86_64-linux-gnu.so first seen with mtime 1742328295.0
File /home/tw/.env/fbenv/lib/python3.8/site-packages/stripe/_promotion_code.py first seen with mtime 1750922339.5980036
File /usr/lib/python3.8/sre_constants.py first seen with mtime 1742328295.0
File /usr/lib/python3.8/unittest/util.py first seen with mtime 1742328295.0
File /home/tw/.env/fbenv/lib/python3.8/site-packages/rest_framework/routers.py first seen with mtime 1748496192.8470836
File /home/tw/.env/fbenv/lib/python3.8/site-packages/stripe/checkout/_session_line_item_service.py first seen with mtime 1750922339.6540039
File /home/tw/.env/fbenv/lib/python3.8/site-packages/django/utils/ipv6.py first seen with mtime 1747033758.2110314
File /home/tw/.env/fbenv/lib/python3.8/site-packages/allauth/socialaccount/providers/twitter/urls.py first seen with mtime 1750680941.0288277
File /usr/lib/python3.8/os.py first seen with mtime 1742328295.0
File /home/tw/.env/fbenv/lib/python3.8/site-packages/stripe/_application_fee_refund.py first seen with mtime 1750922339.5660033
File /home/tw/.env/fbenv/lib/python3.8/site-packages/django/contrib/admindocs/__init__.py first seen with mtime 1747033757.751027
File /home/tw/.env/fbenv/lib/python3.8/site-packages/django/contrib/sessions/apps.py first seen with mtime 1747033758.06303
File /home/tw/.env/fbenv/lib/python3.8/site-packages/stripe/_webhook.py first seen with mtime 1750922339.6180036
File /home/tw/.env/fbenv/lib/python3.8/site-packages/stripe/climate/_product_service.py first seen with mtime 1750922339.658004
File /home/tw/.env/fbenv/lib/python3.8/site-packages/django/contrib/messages/__init__.py first seen with mtime 1747033757.9990294
File /home/tw/.env/fbenv/lib/python3.8/site-packages/cryptography/hazmat/primitives/ciphers/modes.py first seen with mtime 1750749385.5769594
File /home/tw/.env/fbenv/lib/python3.8/site-packages/stripe/_version.py first seen with mtime 1750922339.6180036
File /home/tw/.env/fbenv/lib/python3.8/site-packages/django/contrib/postgres/fields/hstore.py first seen with mtime 1747033758.0070295
File /home/tw/.env/fbenv/lib/python3.8/site-packages/django/contrib/sites/__init__.py first seen with mtime 1747033758.0990303
File /usr/lib/python3.8/linecache.py first seen with mtime 1742328295.0
File /home/tw/.env/fbenv/lib/python3.8/site-packages/django/forms/forms.py first seen with mtime 1747033758.1790311
File /home/tw/.env/fbenv/lib/python3.8/site-packages/django/core/management/commands/runserver.py first seen with mtime 1747033758.1510308
File /home/tw/.env/fbenv/lib/python3.8/site-packages/django/db/__init__.py first seen with mtime 1747033758.1510308
File /usr/lib/python3.8/ast.py first seen with mtime 1742328295.0
File /home/tw/fbclone/facebookclone/facebookclone/celery.py first seen with mtime 1750651995.2189007
File /home/tw/.env/fbenv/lib/python3.8/site-packages/rest_framework/pagination.py first seen with mtime 1748496192.8430836
File /home/tw/.env/fbenv/lib/python3.8/site-packages/rest_framework/apps.py first seen with mtime 1748496192.8390837
File /home/tw/.env/fbenv/lib/python3.8/site-packages/django/core/signals.py first seen with mtime 1747033758.1350307
File /home/tw/.env/fbenv/lib/python3.8/site-packages/stripe/_customer_cash_balance_transaction_service.py first seen with mtime 1750922339.5740035
File /home/tw/.env/fbenv/lib/python3.8/site-packages/cryptography/utils.py first seen with mtime 1750749385.4849586
File /home/tw/.env/fbenv/lib/python3.8/site-packages/stripe/test_helpers/treasury/_outbound_transfer_service.py first seen with mtime 1750922339.6820042
File /home/tw/.env/fbenv/lib/python3.8/site-packages/stripe/_plan_service.py first seen with mtime 1750922339.5980036
File /home/tw/.env/fbenv/lib/python3.8/site-packages/urllib3/util/response.py first seen with mtime 1749449165.0219631
File /home/tw/.env/fbenv/lib/python3.8/site-packages/django/db/backends/signals.py first seen with mtime 1747033758.155031
File /home/tw/.env/fbenv/lib/python3.8/site-packages/kombu/utils/collections.py first seen with mtime 1750154773.2755656
File /home/tw/.env/fbenv/lib/python3.8/site-packages/stripe/_review_service.py first seen with mtime 1750922339.6020036
File /home/tw/.env/fbenv/lib/python3.8/site-packages/redis/__init__.py first seen with mtime 1750154756.2597725
File /home/tw/.env/fbenv/lib/python3.8/site-packages/django/views/generic/list.py first seen with mtime 1747033758.2190316
File /home/tw/.env/fbenv/lib/python3.8/site-packages/drf_yasg/inspectors/base.py first seen with mtime 1750665969.9111805
File /home/tw/.env/fbenv/lib/python3.8/site-packages/stripe/entitlements/_feature_service.py first seen with mtime 1750922339.658004
File /home/tw/.env/fbenv/lib/python3.8/site-packages/tzdata/__init__.py first seen with mtime 1750154774.2435536
File /home/tw/.env/fbenv/lib/python3.8/site-packages/django/db/models/sql/__init__.py first seen with mtime 1747033758.1750312
File /home/tw/.env/fbenv/lib/python3.8/site-packages/django/contrib/postgres/search.py first seen with mtime 1747033758.0030293
File /home/tw/.env/fbenv/lib/python3.8/site-packages/django/contrib/postgres/forms/__init__.py first seen with mtime 1747033758.0070295
File /home/tw/.env/fbenv/lib/python3.8/site-packages/django/template/loaders/__init__.py first seen with mtime 1747033758.1990314
File /home/tw/.env/fbenv/lib/python3.8/site-packages/celery/utils/collections.py first seen with mtime 1750154773.9395576
File /home/tw/.env/fbenv/lib/python3.8/site-packages/rest_framework/schemas/coreapi.py first seen with mtime 1748496192.8670835
File /home/tw/.env/fbenv/lib/python3.8/site-packages/requests/compat.py first seen with mtime 1750682004.348407
File /home/tw/.env/fbenv/lib/python3.8/site-packages/requests/__version__.py first seen with mtime 1750682004.3444068
File /home/tw/.env/fbenv/lib/python3.8/site-packages/rest_framework/schemas/generators.py first seen with mtime 1748496192.8670835
File /home/tw/.env/fbenv/lib/python3.8/site-packages/sentry_sdk/integrations/stdlib.py first seen with mtime 1749449165.121964
File /home/tw/.env/fbenv/lib/python3.8/site-packages/django/contrib/contenttypes/management/__init__.py first seen with mtime 1747033757.8710282
File /home/tw/.env/fbenv/lib/python3.8/site-packages/requests_oauthlib/oauth1_session.py first seen with mtime 1750760834.472931
File /home/tw/.env/fbenv/lib/python3.8/site-packages/django/templatetags/l10n.py first seen with mtime 1747033758.2030313
File /home/tw/.env/fbenv/lib/python3.8/site-packages/kombu/common.py first seen with mtime 1750154773.2635658
File /home/tw/.env/fbenv/lib/python3.8/site-packages/stripe/_invoice_payment_service.py first seen with mtime 1750922339.5860035
File /home/tw/.env/fbenv/lib/python3.8/site-packages/allauth/account/app_settings.py first seen with mtime 1750680940.8408237
File /home/tw/.env/fbenv/lib/python3.8/site-packages/cryptography/hazmat/bindings/_rust.abi3.so first seen with mtime 1750749385.5649593
File /home/tw/.env/fbenv/lib/python3.8/site-packages/stripe/_credit_note_line_item_service.py first seen with mtime 1750922339.5740035
File /home/tw/.env/fbenv/lib/python3.8/site-packages/jwt/utils.py first seen with mtime 1748864876.2507958
File /home/tw/.env/fbenv/lib/python3.8/site-packages/django/templatetags/cache.py first seen with mtime 1747033758.2030313
File /home/tw/.env/fbenv/lib/python3.8/site-packages/django/conf/__init__.py first seen with mtime 1747033757.535025
File /home/tw/.env/fbenv/lib/python3.8/site-packages/stripe/v2/billing/_meter_event_adjustment_service.py first seen with mtime 1750922339.690004
File /home/tw/.env/fbenv/lib/python3.8/site-packages/oauthlib/oauth2/rfc8628/__init__.py first seen with mtime 1750760834.3809297
File /home/tw/.env/fbenv/lib/python3.8/site-packages/django/db/migrations/operations/models.py first seen with mtime 1747033758.167031
File /usr/lib/python3.8/dis.py first seen with mtime 1742328295.0
File /home/tw/fbclone/facebookclone/facebookclone/apps/fb/APIViews/views.py first seen with mtime 1750682366.3059924
File /home/tw/.env/fbenv/lib/python3.8/site-packages/kombu/utils/div.py first seen with mtime 1750154773.2755656
File /usr/lib/python3.8/_collections_abc.py first seen with mtime 1742328295.0
File /home/tw/fbclone/facebookclone/facebookclone/apps/fb/APIUrl/urls.py first seen with mtime 1750667153.8411446
File /home/tw/.env/fbenv/lib/python3.8/site-packages/django/contrib/postgres/forms/hstore.py first seen with mtime 1747033758.0070295
File /home/tw/.env/fbenv/lib/python3.8/site-packages/redis/asyncio/sentinel.py first seen with mtime 1750154756.2677724
File /home/tw/.env/fbenv/lib/python3.8/site-packages/django/db/migrations/recorder.py first seen with mtime 1747033758.167031
File /home/tw/.env/fbenv/lib/python3.8/site-packages/django/db/models/signals.py first seen with mtime 1747033758.171031
File /home/tw/.env/fbenv/lib/python3.8/site-packages/amqp/spec.py first seen with mtime 1750154773.1875665
File /home/tw/.env/fbenv/lib/python3.8/site-packages/cryptography/hazmat/__init__.py first seen with mtime 1750749385.4849586
File /usr/lib/python3.8/email/header.py first seen with mtime 1742328295.0
File /home/tw/.env/fbenv/lib/python3.8/site-packages/sentry_sdk/_init_implementation.py first seen with mtime 1749449165.1019638
File /usr/lib/python3.8/lib-dynload/resource.cpython-38-x86_64-linux-gnu.so first seen with mtime 1742328295.0
File /home/tw/.env/fbenv/lib/python3.8/site-packages/allauth/socialaccount/providers/google/views.py first seen with mtime 1750680940.9808266
File /home/tw/.env/fbenv/lib/python3.8/site-packages/urllib3/_version.py first seen with mtime 1749449165.0179632
File /home/tw/.env/fbenv/lib/python3.8/site-packages/django/core/files/images.py first seen with mtime 1747033758.1390307
File /home/tw/.env/fbenv/lib/python3.8/site-packages/rest_framework/utils/humanize_datetime.py first seen with mtime 1748496192.8950837
File /home/tw/.env/fbenv/lib/python3.8/site-packages/stripe/billing/_meter.py first seen with mtime 1750922339.650004
File /home/tw/.env/fbenv/lib/python3.8/site-packages/allauth/socialaccount/internal/statekit.py first seen with mtime 1750680940.9328256
File /home/tw/.env/fbenv/lib/python3.8/site-packages/charset_normalizer/api.py first seen with mtime 1750682004.3124065
File /home/tw/.env/fbenv/lib/python3.8/site-packages/sentry_sdk/integrations/django/transactions.py first seen with mtime 1749449165.125964
File /usr/lib/python3.8/pkgutil.py first seen with mtime 1742328295.0
File /home/tw/.env/fbenv/lib/python3.8/site-packages/sentry_sdk/_types.py first seen with mtime 1749449165.105964
File /home/tw/.env/fbenv/lib/python3.8/site-packages/sentry_sdk/integrations/redis/consts.py first seen with mtime 1749449165.125964
File /home/tw/.env/fbenv/lib/python3.8/site-packages/allauth/core/internal/adapter.py first seen with mtime 1750680940.856824
File /home/tw/.env/fbenv/lib/python3.8/site-packages/kombu/utils/encoding.py first seen with mtime 1750154773.2755656
File /home/tw/.env/fbenv/lib/python3.8/site-packages/stripe/_subscription.py first seen with mtime 1750922339.6100037
File /home/tw/.env/fbenv/lib/python3.8/site-packages/stripe/__init__.py first seen with mtime 1750922339.5580032
File /home/tw/.env/fbenv/lib/python3.8/site-packages/stripe/_forwarding_service.py first seen with mtime 1750922339.5820034
File /home/tw/.env/fbenv/lib/python3.8/site-packages/jwt/types.py first seen with mtime 1748864876.2507958
File /usr/lib/python3.8/asyncio/streams.py first seen with mtime 1742328295.0
File /usr/lib/python3.8/locale.py first seen with mtime 1742328295.0
File /home/tw/.env/fbenv/lib/python3.8/site-packages/stripe/_search_result_object.py first seen with mtime 1750922339.6020036
File /home/tw/.env/fbenv/lib/python3.8/site-packages/stripe/_oauth_service.py first seen with mtime 1750922339.5860035
File /home/tw/.env/fbenv/lib/python3.8/site-packages/vine/funtools.py first seen with mtime 1750154773.1755667
File /home/tw/.env/fbenv/lib/python3.8/site-packages/stripe/_promotion_code_service.py first seen with mtime 1750922339.6020036
File /home/tw/.env/fbenv/lib/python3.8/site-packages/certifi/core.py first seen with mtime 1749449165.009963
File /home/tw/.env/fbenv/lib/python3.8/site-packages/sentry_sdk/__init__.py first seen with mtime 1749449165.1019638
File /home/tw/.env/fbenv/lib/python3.8/site-packages/stripe/_dispute_service.py first seen with mtime 1750922339.5780034
File /home/tw/.env/fbenv/lib/python3.8/site-packages/urllib3/util/wait.py first seen with mtime 1749449165.025963
File /home/tw/.env/fbenv/lib/python3.8/site-packages/django/contrib/auth/migrations/0007_alter_validators_add_error_messages.py first seen with mtime 1747033757.839028
File /home/tw/.env/fbenv/lib/python3.8/site-packages/django/db/backends/base/creation.py first seen with mtime 1747033758.155031
File /home/tw/.env/fbenv/lib/python3.8/site-packages/sentry_sdk/tracing.py first seen with mtime 1749449165.109964
File /home/tw/.env/fbenv/lib/python3.8/site-packages/stripe/treasury/_transaction.py first seen with mtime 1750922339.690004
File /home/tw/.env/fbenv/lib/python3.8/site-packages/stripe/_shipping_rate_service.py first seen with mtime 1750922339.6060035
File /usr/lib/python3.8/pathlib.py first seen with mtime 1742328295.0
File /home/tw/.env/fbenv/lib/python3.8/site-packages/stripe/_login_link.py first seen with mtime 1750922339.5860035
File /home/tw/.env/fbenv/lib/python3.8/site-packages/oauthlib/oauth2/rfc6749/endpoints/revocation.py first seen with mtime 1750760834.3809297
File /home/tw/.env/fbenv/lib/python3.8/site-packages/yaml/loader.py first seen with mtime 1750665969.8351812
File /home/tw/.env/fbenv/lib/python3.8/site-packages/django/contrib/postgres/fields/ranges.py first seen with mtime 1747033758.0070295
File /home/tw/.env/fbenv/lib/python3.8/site-packages/stripe/_dispute.py first seen with mtime 1750922339.5780034
File /home/tw/.env/fbenv/lib/python3.8/site-packages/django/utils/tree.py first seen with mtime 1747033758.2150314
File /home/tw/.env/fbenv/lib/python3.8/site-packages/cryptography/hazmat/primitives/asymmetric/__init__.py first seen with mtime 1750749385.5729592
File /home/tw/.env/fbenv/lib/python3.8/site-packages/uritemplate/__init__.py first seen with mtime 1750665969.8231814
File /home/tw/.env/fbenv/lib/python3.8/site-packages/django/core/management/sql.py first seen with mtime 1747033758.1470308
File /home/tw/.env/fbenv/lib/python3.8/site-packages/allauth/socialaccount/views.py first seen with mtime 1750680940.9328256
File /home/tw/.env/fbenv/lib/python3.8/site-packages/stripe/financial_connections/_transaction.py first seen with mtime 1750922339.662004
File /home/tw/.env/fbenv/lib/python3.8/site-packages/urllib3/util/util.py first seen with mtime 1749449165.025963
File /home/tw/.env/fbenv/lib/python3.8/site-packages/allauth/core/ratelimit.py first seen with mtime 1750680940.856824
File /usr/lib/python3.8/textwrap.py first seen with mtime 1742328295.0
File /home/tw/.env/fbenv/lib/python3.8/site-packages/django/template/engine.py first seen with mtime 1747033758.1990314
File /home/tw/.env/fbenv/lib/python3.8/site-packages/allauth/socialaccount/internal/flows/signup.py first seen with mtime 1750680940.9328256
File /home/tw/.env/fbenv/lib/python3.8/site-packages/stripe/_stripe_object.py first seen with mtime 1750922339.6100037
File /home/tw/.env/fbenv/lib/python3.8/site-packages/charset_normalizer/models.py first seen with mtime 1750682004.3164067
File /home/tw/.env/fbenv/lib/python3.8/site-packages/oauthlib/oauth1/rfc5849/endpoints/pre_configured.py first seen with mtime 1750760834.3729296
File /home/tw/.env/fbenv/lib/python3.8/site-packages/allauth/account/internal/flows/password_reset.py first seen with mtime 1750680940.8488238
File /usr/lib/python3.8/lib-dynload/_multiprocessing.cpython-38-x86_64-linux-gnu.so first seen with mtime 1742328295.0
File /home/tw/.env/fbenv/lib/python3.8/site-packages/stripe/_topup.py first seen with mtime 1750922339.6140037
File /home/tw/.env/fbenv/lib/python3.8/site-packages/stripe/issuing/_card_service.py first seen with mtime 1750922339.666004
File /home/tw/.env/fbenv/lib/python3.8/site-packages/django/template/library.py first seen with mtime 1747033758.1990314
File /home/tw/.env/fbenv/lib/python3.8/site-packages/rest_framework/utils/model_meta.py first seen with mtime 1748496192.8950837
File /home/tw/.env/fbenv/lib/python3.8/site-packages/celery/utils/dispatch/__init__.py first seen with mtime 1750154773.9435575
File /usr/lib/python3.8/xml/etree/__init__.py first seen with mtime 1742328295.0
File /home/tw/.env/fbenv/lib/python3.8/site-packages/amqp/connection.py first seen with mtime 1750154773.1875665
File /home/tw/.env/fbenv/lib/python3.8/site-packages/django/db/models/indexes.py first seen with mtime 1747033758.171031
File /home/tw/.env/fbenv/lib/python3.8/site-packages/django/contrib/admin/templatetags/admin_urls.py first seen with mtime 1747033757.747027
File /usr/lib/python3.8/http/__init__.py first seen with mtime 1742328295.0
File /home/tw/.env/fbenv/lib/python3.8/site-packages/stripe/_invoice_item.py first seen with mtime 1750922339.5820034
File /home/tw/.env/fbenv/lib/python3.8/site-packages/drf_yasg/errors.py first seen with mtime 1750665969.9111805
File /home/tw/.env/fbenv/lib/python3.8/site-packages/django/core/files/uploadhandler.py first seen with mtime 1747033758.143031
File /usr/lib/python3.8/logging/config.py first seen with mtime 1742328295.0
File /home/tw/.env/fbenv/lib/python3.8/site-packages/django/db/models/enums.py first seen with mtime 1747033758.171031
File /home/tw/fbclone/facebookclone/facebookclone/settings/dev.py first seen with mtime 1747374959.551766
File /home/tw/.env/fbenv/lib/python3.8/site-packages/cryptography/x509/name.py first seen with mtime 1750749385.5809593
File /home/tw/.env/fbenv/lib/python3.8/site-packages/sentry_sdk/serializer.py first seen with mtime 1749449165.105964
File /home/tw/.env/fbenv/lib/python3.8/site-packages/django/contrib/admin/templatetags/__init__.py first seen with mtime 1747033757.747027
File /home/tw/.env/fbenv/lib/python3.8/site-packages/django/contrib/admindocs/utils.py first seen with mtime 1747033757.751027
File /home/tw/.env/fbenv/lib/python3.8/site-packages/allauth/socialaccount/internal/__init__.py first seen with mtime 1750680940.9328256
File /home/tw/.env/fbenv/lib/python3.8/site-packages/stripe/test_helpers/treasury/_received_credit_service.py first seen with mtime 1750922339.6820042
File /home/tw/.env/fbenv/lib/python3.8/site-packages/stripe/checkout/_session_service.py first seen with mtime 1750922339.6540039
File /home/tw/.env/fbenv/lib/python3.8/site-packages/oauthlib/oauth2/rfc6749/clients/backend_application.py first seen with mtime 1750760834.3769298
File /home/tw/.env/fbenv/lib/python3.8/site-packages/stripe/_refund_service.py first seen with mtime 1750922339.6020036
File /usr/lib/python3.8/asyncio/subprocess.py first seen with mtime 1742328295.0
File /home/tw/.env/fbenv/lib/python3.8/site-packages/billiard/process.py first seen with mtime 1750154773.4195638
File /home/tw/.env/fbenv/lib/python3.8/site-packages/allauth/core/internal/cryptokit.py first seen with mtime 1750680940.856824
File /home/tw/.env/fbenv/lib/python3.8/site-packages/oauthlib/__init__.py first seen with mtime 1750760834.3689296
File /home/tw/.env/fbenv/lib/python3.8/site-packages/stripe/tax/_transaction_line_item_service.py first seen with mtime 1750922339.678004
File /usr/lib/python3.8/importlib/util.py first seen with mtime 1742328295.0
File /home/tw/.env/fbenv/lib/python3.8/site-packages/sentry_sdk/integrations/logging.py first seen with mtime 1749449165.117964
File /home/tw/.env/fbenv/lib/python3.8/site-packages/urllib3/util/ssl_match_hostname.py first seen with mtime 1749449165.0219631
File /home/tw/.env/fbenv/lib/python3.8/site-packages/django/core/validators.py first seen with mtime 1747033758.1350307
File /home/tw/.env/fbenv/lib/python3.8/site-packages/allauth/account/adapter.py first seen with mtime 1750680940.8408237
File /home/tw/.env/fbenv/lib/python3.8/site-packages/stripe/treasury/_inbound_transfer_service.py first seen with mtime 1750922339.6860042
File /home/tw/.env/fbenv/lib/python3.8/site-packages/urllib3/__init__.py first seen with mtime 1749449165.0179632
File /home/tw/.env/fbenv/lib/python3.8/site-packages/six.py first seen with mtime 1749639178.8698902
File /home/tw/.env/fbenv/lib/python3.8/site-packages/stripe/_checkout_service.py first seen with mtime 1750922339.5700033
File /home/tw/.env/fbenv/lib/python3.8/site-packages/pytz/lazy.py first seen with mtime 1750665969.6071842
File /home/tw/.env/fbenv/lib/python3.8/site-packages/django/contrib/contenttypes/__init__.py first seen with mtime 1747033757.839028
File /home/tw/.env/fbenv/lib/python3.8/site-packages/django/utils/autoreload.py first seen with mtime 1747033758.2070315
File /usr/lib/python3.8/wsgiref/util.py first seen with mtime 1742328295.0
File /usr/lib/python3.8/lib-dynload/_uuid.cpython-38-x86_64-linux-gnu.so first seen with mtime 1742328295.0
File /home/tw/.env/fbenv/lib/python3.8/site-packages/stripe/sigma/_scheduled_query_run.py first seen with mtime 1750922339.674004
File /usr/lib/python3.8/http/server.py first seen with mtime 1742328295.0
File /home/tw/.env/fbenv/lib/python3.8/site-packages/django/contrib/postgres/forms/ranges.py first seen with mtime 1747033758.0070295
File /home/tw/.env/fbenv/lib/python3.8/site-packages/django/views/__init__.py first seen with mtime 1747033758.2150314
File /home/tw/.env/fbenv/lib/python3.8/site-packages/kombu/connection.py first seen with mtime 1750154773.2635658
File /home/tw/.env/fbenv/lib/python3.8/site-packages/oauthlib/openid/connect/core/endpoints/__init__.py first seen with mtime 1750760834.38493
File /home/tw/.env/fbenv/lib/python3.8/site-packages/django/core/checks/database.py first seen with mtime 1747033758.1390307
File /home/tw/.env/fbenv/lib/python3.8/site-packages/dateutil/tz/_common.py first seen with mtime 1749639178.88189
File /home/tw/.env/fbenv/lib/python3.8/site-packages/crontab.py first seen with mtime 1750408554.87715
File /home/tw/.env/fbenv/lib/python3.8/site-packages/allauth/app_settings.py first seen with mtime 1750680940.8368237
File /usr/lib/python3.8/zipfile.py first seen with mtime 1742328295.0
File /home/tw/.env/fbenv/lib/python3.8/site-packages/packaging/_structures.py first seen with mtime 1750154773.219566
File /home/tw/.env/fbenv/lib/python3.8/site-packages/cron_descriptor/DescriptionTypeEnum.py first seen with mtime 1750408554.8931503
File /home/tw/.env/fbenv/lib/python3.8/site-packages/stripe/_webhook_endpoint.py first seen with mtime 1750922339.6180036
File /home/tw/.env/fbenv/lib/python3.8/site-packages/sentry_sdk/crons/__init__.py first seen with mtime 1749449165.109964
File /home/tw/.env/fbenv/lib/python3.8/site-packages/allauth/account/templatetags/account.py first seen with mtime 1750680940.8488238
File /home/tw/.env/fbenv/lib/python3.8/site-packages/billiard/__init__.py first seen with mtime 1750154773.4155638
File /home/tw/.env/fbenv/lib/python3.8/site-packages/django/utils/inspect.py first seen with mtime 1747033758.2110314
File /home/tw/.env/fbenv/lib/python3.8/site-packages/rest_framework/mixins.py first seen with mtime 1748496192.8430836
File /usr/lib/python3.8/xml/dom/xmlbuilder.py first seen with mtime 1742328295.0
File /usr/lib/python3.8/base64.py first seen with mtime 1742328295.0
File /home/tw/.env/fbenv/lib/python3.8/site-packages/django/core/mail/message.py first seen with mtime 1747033758.143031
File /home/tw/.env/fbenv/lib/python3.8/site-packages/stripe/checkout/__init__.py first seen with mtime 1750922339.6540039
File /home/tw/.env/fbenv/lib/python3.8/site-packages/stripe/issuing/_cardholder.py first seen with mtime 1750922339.666004
File /usr/lib/python3.8/ntpath.py first seen with mtime 1742328295.0
File /home/tw/.env/fbenv/lib/python3.8/site-packages/django/utils/connection.py first seen with mtime 1747033758.2070315
File /home/tw/.env/fbenv/lib/python3.8/site-packages/django/apps/__init__.py first seen with mtime 1747033757.535025
File /home/tw/.env/fbenv/lib/python3.8/site-packages/redis/commands/helpers.py first seen with mtime 1750154756.2717724
File /home/tw/.env/fbenv/lib/python3.8/site-packages/stripe/_apps_service.py first seen with mtime 1750922339.5660033
File /home/tw/.env/fbenv/lib/python3.8/site-packages/stripe/_billing_portal_service.py first seen with mtime 1750922339.5660033
File /home/tw/.env/fbenv/lib/python3.8/site-packages/django/views/generic/dates.py first seen with mtime 1747033758.2190316
File /home/tw/.env/fbenv/lib/python3.8/site-packages/stripe/billing/_alert.py first seen with mtime 1750922339.650004
File /home/tw/.env/fbenv/lib/python3.8/site-packages/django/db/models/functions/mixins.py first seen with mtime 1747033758.1750312
File /home/tw/.env/fbenv/lib/python3.8/site-packages/rest_framework_simplejwt/token_blacklist/models.py first seen with mtime 1748864876.2867959
File /home/tw/.env/fbenv/lib/python3.8/site-packages/kombu/clocks.py first seen with mtime 1750154773.2635658
File /home/tw/.env/fbenv/lib/python3.8/site-packages/django/apps/registry.py first seen with mtime 1747033757.535025
File /home/tw/.env/fbenv/lib/python3.8/site-packages/django/http/__init__.py first seen with mtime 1747033758.1950312
File /home/tw/.env/fbenv/lib/python3.8/site-packages/stripe/test_helpers/_test_clock_service.py first seen with mtime 1750922339.6820042
File /home/tw/.env/fbenv/lib/python3.8/site-packages/stripe/v2/_billing_service.py first seen with mtime 1750922339.690004
File /home/tw/.env/fbenv/lib/python3.8/site-packages/oauthlib/openid/connect/core/endpoints/pre_configured.py first seen with mtime 1750760834.38493
File /home/tw/.env/fbenv/lib/python3.8/site-packages/urllib3/util/ssl_.py first seen with mtime 1749449165.0219631
File /home/tw/.env/fbenv/lib/python3.8/site-packages/django/db/models/fields/files.py first seen with mtime 1747033758.1750312
File /home/tw/.env/fbenv/lib/python3.8/site-packages/requests_oauthlib/__init__.py first seen with mtime 1750760834.472931
File /home/tw/.env/fbenv/lib/python3.8/site-packages/sqlparse/filters/others.py first seen with mtime 1747033757.4110239
File /home/tw/.env/fbenv/lib/python3.8/site-packages/sentry_sdk/integrations/celery/beat.py first seen with mtime 1749449165.121964
File /home/tw/.env/fbenv/lib/python3.8/site-packages/defusedxml/common.py first seen with mtime 1750760834.4529307
File /home/tw/.env/fbenv/lib/python3.8/site-packages/oauthlib/openid/connect/core/grant_types/base.py first seen with mtime 1750760834.38493
File /home/tw/.env/fbenv/lib/python3.8/site-packages/rest_framework/viewsets.py first seen with mtime 1748496192.8470836
File /home/tw/.env/fbenv/lib/python3.8/site-packages/django/forms/boundfield.py first seen with mtime 1747033758.1790311
File /home/tw/.env/fbenv/lib/python3.8/site-packages/django/utils/dateformat.py first seen with mtime 1747033758.2070315
File /home/tw/.env/fbenv/lib/python3.8/site-packages/stripe/_mandate.py first seen with mtime 1750922339.5860035
File /home/tw/.env/fbenv/lib/python3.8/site-packages/stripe/reporting/_report_type_service.py first seen with mtime 1750922339.674004
File /home/tw/.env/fbenv/lib/python3.8/site-packages/yaml/events.py first seen with mtime 1750665969.8391812
File /usr/lib/python3.8/pprint.py first seen with mtime 1742328295.0
File /home/tw/.env/fbenv/lib/python3.8/site-packages/yaml/representer.py first seen with mtime 1750665969.8391812
File /home/tw/.env/fbenv/lib/python3.8/site-packages/stripe/identity/__init__.py first seen with mtime 1750922339.662004
File /home/tw/.env/fbenv/lib/python3.8/site-packages/cron_descriptor/Options.py first seen with mtime 1750408554.8971503
File /home/tw/.env/fbenv/lib/python3.8/site-packages/django/template/smartif.py first seen with mtime 1747033758.1990314
File /home/tw/.env/fbenv/lib/python3.8/site-packages/stripe/_balance_transaction_service.py first seen with mtime 1750922339.5660033
File /usr/lib/python3.8/decimal.py first seen with mtime 1742328295.0
File /home/tw/.env/fbenv/lib/python3.8/site-packages/rest_framework/reverse.py first seen with mtime 1748496192.8470836
File /home/tw/.env/fbenv/lib/python3.8/site-packages/redis/_parsers/socket.py first seen with mtime 1750154756.2677724
File /home/tw/.env/fbenv/lib/python3.8/site-packages/rest_framework/request.py first seen with mtime 1748496192.8430836
File /home/tw/.env/fbenv/lib/python3.8/site-packages/oauthlib/oauth2/rfc6749/utils.py first seen with mtime 1750760834.3769298
File /home/tw/.env/fbenv/lib/python3.8/site-packages/yaml/emitter.py first seen with mtime 1750665969.8391812
File /home/tw/.env/fbenv/lib/python3.8/site-packages/stripe/_requestor_options.py first seen with mtime 1750922339.6020036
File /home/tw/.env/fbenv/lib/python3.8/site-packages/stripe/terminal/__init__.py first seen with mtime 1750922339.678004
File /home/tw/.env/fbenv/lib/python3.8/site-packages/stripe/financial_connections/_account_owner_service.py first seen with mtime 1750922339.662004
File /usr/lib/python3.8/tempfile.py first seen with mtime 1742328295.0
File /home/tw/.env/fbenv/lib/python3.8/site-packages/stripe/_quote_computed_upfront_line_items_service.py first seen with mtime 1750922339.6020036
File /home/tw/.env/fbenv/lib/python3.8/site-packages/click/decorators.py first seen with mtime 1750154773.4915628
File /home/tw/.env/fbenv/lib/python3.8/site-packages/django/core/cache/backends/__init__.py first seen with mtime 1747033758.1350307
File /home/tw/.env/fbenv/lib/python3.8/site-packages/django/utils/termcolors.py first seen with mtime 1747033758.2110314
File /home/tw/.env/fbenv/lib/python3.8/site-packages/django/contrib/postgres/fields/array.py first seen with mtime 1747033758.0030293
File /home/tw/.env/fbenv/lib/python3.8/site-packages/dateutil/parser/isoparser.py first seen with mtime 1749639178.88189
File /home/tw/.env/fbenv/lib/python3.8/site-packages/oauthlib/oauth2/rfc6749/request_validator.py first seen with mtime 1750760834.3769298
File /home/tw/.env/fbenv/lib/python3.8/site-packages/django/template/loaders/cached.py first seen with mtime 1747033758.2030313
File /usr/lib/python3.8/lib-dynload/_multibytecodec.cpython-38-x86_64-linux-gnu.so first seen with mtime 1742328295.0
File /home/tw/.env/fbenv/lib/python3.8/site-packages/stripe/_card.py first seen with mtime 1750922339.5660033
File /home/tw/.env/fbenv/lib/python3.8/site-packages/allauth/socialaccount/providers/oauth2/client.py first seen with mtime 1750680940.9968271
File /home/tw/.env/fbenv/lib/python3.8/site-packages/timezone_field/choices.py first seen with mtime 1750408554.9171505
File /home/tw/.env/fbenv/lib/python3.8/site-packages/urllib3/exceptions.py first seen with mtime 1749449165.0179632
File /usr/lib/python3.8/unittest/signals.py first seen with mtime 1742328295.0
File /home/tw/.env/fbenv/lib/python3.8/site-packages/cryptography/hazmat/primitives/asymmetric/utils.py first seen with mtime 1750749385.5729592
File /home/tw/.env/fbenv/lib/python3.8/site-packages/django/db/models/functions/text.py first seen with mtime 1747033758.1750312
File /home/tw/.env/fbenv/lib/python3.8/site-packages/cryptography/hazmat/primitives/asymmetric/ed25519.py first seen with mtime 1750749385.5729592
File /home/tw/.env/fbenv/lib/python3.8/site-packages/rest_framework/utils/timezone.py first seen with mtime 1748496192.8950837
File /home/tw/.env/fbenv/lib/python3.8/site-packages/django/template/backends/django.py first seen with mtime 1747033758.1990314
File /home/tw/.env/fbenv/lib/python3.8/site-packages/urllib3/poolmanager.py first seen with mtime 1749449165.0179632
File /home/tw/.env/fbenv/lib/python3.8/site-packages/stripe/_identity_service.py first seen with mtime 1750922339.5820034
File /home/tw/.env/fbenv/lib/python3.8/site-packages/timezone_field/__init__.py first seen with mtime 1750408554.9171505
File /home/tw/.env/fbenv/lib/python3.8/site-packages/stripe/_application_fee_service.py first seen with mtime 1750922339.5660033
File /usr/lib/python3.8/urllib/__init__.py first seen with mtime 1742328295.0
File /usr/lib/python3.8/lib-dynload/_json.cpython-38-x86_64-linux-gnu.so first seen with mtime 1742328295.0
File /home/tw/.env/fbenv/lib/python3.8/site-packages/oauthlib/oauth2/rfc6749/endpoints/token.py first seen with mtime 1750760834.3809297
File /home/tw/.env/fbenv/lib/python3.8/site-packages/stripe/_refund.py first seen with mtime 1750922339.6020036
File /home/tw/fbclone/facebookclone/facebookclone/settings/base.py first seen with mtime 1751279154.8498762
File /home/tw/.env/fbenv/lib/python3.8/site-packages/idna/__init__.py first seen with mtime 1750682004.2164056
File /home/tw/.env/fbenv/lib/python3.8/site-packages/stripe/v2/billing/_meter_event.py first seen with mtime 1750922339.690004
File /home/tw/.env/fbenv/lib/python3.8/site-packages/amqp/serialization.py first seen with mtime 1750154773.1875665
File /home/tw/.env/fbenv/lib/python3.8/site-packages/urllib3/filepost.py first seen with mtime 1749449165.0179632
File /home/tw/.env/fbenv/lib/python3.8/site-packages/django/contrib/messages/storage/__init__.py first seen with mtime 1747033758.0030293
File /home/tw/.env/fbenv/lib/python3.8/site-packages/stripe/_product.py first seen with mtime 1750922339.5980036
File /home/tw/.env/fbenv/lib/python3.8/site-packages/billiard/exceptions.py first seen with mtime 1750154773.4155638
File /home/tw/.env/fbenv/lib/python3.8/site-packages/cryptography/hazmat/primitives/asymmetric/ec.py first seen with mtime 1750749385.5729592
File /home/tw/.env/fbenv/lib/python3.8/site-packages/oauthlib/oauth1/rfc5849/endpoints/request_token.py first seen with mtime 1750760834.3729296
File /home/tw/.env/fbenv/lib/python3.8/site-packages/stripe/treasury/_received_debit.py first seen with mtime 1750922339.6860042
File /home/tw/.env/fbenv/lib/python3.8/site-packages/django/db/migrations/exceptions.py first seen with mtime 1747033758.1630309
File /home/tw/.env/fbenv/lib/python3.8/site-packages/rest_framework_simplejwt/token_blacklist/__init__.py first seen with mtime 1748864876.282796
File /home/tw/.env/fbenv/lib/python3.8/site-packages/django/utils/timesince.py first seen with mtime 1747033758.2110314
File /home/tw/.env/fbenv/lib/python3.8/site-packages/sentry_sdk/spotlight.py first seen with mtime 1749449165.109964
File /home/tw/.env/fbenv/lib/python3.8/site-packages/stripe/_balance.py first seen with mtime 1750922339.5660033
File /home/tw/.env/fbenv/lib/python3.8/site-packages/timezone_field/backends/zoneinfo.py first seen with mtime 1750408554.9171505
File /home/tw/.env/fbenv/lib/python3.8/site-packages/vine/__init__.py first seen with mtime 1750154773.1755667
File /home/tw/.env/fbenv/lib/python3.8/site-packages/oauthlib/oauth2/rfc6749/grant_types/client_credentials.py first seen with mtime 1750760834.3809297
File /home/tw/.env/fbenv/lib/python3.8/site-packages/cryptography/hazmat/decrepit/ciphers/algorithms.py first seen with mtime 1750749385.5729592
File /usr/lib/python3.8/codecs.py first seen with mtime 1742328295.0
File /home/tw/.env/fbenv/lib/python3.8/site-packages/stripe/entitlements/_active_entitlement_service.py first seen with mtime 1750922339.658004
File /home/tw/.env/fbenv/lib/python3.8/site-packages/stripe/_request_options.py first seen with mtime 1750922339.6020036
File /home/tw/.env/fbenv/lib/python3.8/site-packages/django/core/mail/__init__.py first seen with mtime 1747033758.143031
File /home/tw/.env/fbenv/lib/python3.8/site-packages/sqlparse/engine/__init__.py first seen with mtime 1747033757.4070237
File /usr/lib/python3.8/gzip.py first seen with mtime 1742328295.0
File /home/tw/.env/fbenv/lib/python3.8/site-packages/psycopg2/extensions.py first seen with mtime 1747034246.770805
File /home/tw/.env/fbenv/lib/python3.8/site-packages/redis/commands/__init__.py first seen with mtime 1750154756.2677724
File /home/tw/.env/fbenv/lib/python3.8/site-packages/oauthlib/common.py first seen with mtime 1750760834.3729296
File /home/tw/.env/fbenv/lib/python3.8/site-packages/sentry_sdk/integrations/dedupe.py first seen with mtime 1749449165.1139638
File /home/tw/.env/fbenv/lib/python3.8/site-packages/redis/connection.py first seen with mtime 1750154756.2637725
File /home/tw/.env/fbenv/lib/python3.8/site-packages/oauthlib/oauth2/rfc6749/endpoints/metadata.py first seen with mtime 1750760834.3809297
File /home/tw/.env/fbenv/lib/python3.8/site-packages/sqlparse/tokens.py first seen with mtime 1747033757.4070237
File /usr/lib/python3.8/lib-dynload/_opcode.cpython-38-x86_64-linux-gnu.so first seen with mtime 1742328295.0
File /home/tw/.env/fbenv/lib/python3.8/site-packages/stripe/_invoice_line_item_service.py first seen with mtime 1750922339.5820034
File /home/tw/.env/fbenv/lib/python3.8/site-packages/allauth/account/internal/flows/signup.py first seen with mtime 1750680940.8488238
File /home/tw/.env/fbenv/lib/python3.8/site-packages/oauthlib/oauth2/rfc6749/endpoints/resource.py first seen with mtime 1750760834.3809297
File /home/tw/.env/fbenv/lib/python3.8/site-packages/oauthlib/oauth2/rfc6749/clients/mobile_application.py first seen with mtime 1750760834.3769298
File /home/tw/.env/fbenv/lib/python3.8/site-packages/stripe/test_helpers/terminal/__init__.py first seen with mtime 1750922339.6820042
File /home/tw/.env/fbenv/lib/python3.8/site-packages/stripe/treasury/_received_debit_service.py first seen with mtime 1750922339.6860042
File /home/tw/.env/fbenv/lib/python3.8/site-packages/oauthlib/openid/connect/core/grant_types/implicit.py first seen with mtime 1750760834.38493
File /home/tw/.env/fbenv/lib/python3.8/site-packages/drf_yasg/app_settings.py first seen with mtime 1750665969.9111805
File /home/tw/.env/fbenv/lib/python3.8/site-packages/sentry_sdk/attachments.py first seen with mtime 1749449165.105964
File /home/tw/.env/fbenv/lib/python3.8/site-packages/django/contrib/staticfiles/checks.py first seen with mtime 1747033758.1310306
File /home/tw/.env/fbenv/lib/python3.8/site-packages/django/contrib/admin/__init__.py first seen with mtime 1747033757.623026
File /home/tw/.env/fbenv/lib/python3.8/site-packages/cryptography/hazmat/primitives/asymmetric/dh.py first seen with mtime 1750749385.5729592
File /home/tw/.env/fbenv/lib/python3.8/site-packages/django/contrib/postgres/forms/array.py first seen with mtime 1747033758.0070295
File /home/tw/.env/fbenv/lib/python3.8/site-packages/rest_framework/versioning.py first seen with mtime 1748496192.8470836
File /home/tw/.env/fbenv/lib/python3.8/site-packages/sqlparse/lexer.py first seen with mtime 1747033757.4070237
File /home/tw/.env/fbenv/lib/python3.8/site-packages/django/utils/regex_helper.py first seen with mtime 1747033758.2110314
File /home/tw/.env/fbenv/lib/python3.8/site-packages/stripe/billing_portal/_configuration_service.py first seen with mtime 1750922339.6540039
File /home/tw/.env/fbenv/lib/python3.8/site-packages/allauth/socialaccount/providers/base/__init__.py first seen with mtime 1750680940.944826
File /usr/lib/python3.8/email/base64mime.py first seen with mtime 1742328295.0
File /home/tw/.env/fbenv/lib/python3.8/site-packages/sentry_sdk/integrations/redis/rb.py first seen with mtime 1749449165.125964
File /home/tw/.env/fbenv/lib/python3.8/site-packages/oauthlib/oauth1/rfc5849/errors.py first seen with mtime 1750760834.3729296
File /home/tw/.env/fbenv/lib/python3.8/site-packages/django/contrib/sessions/models.py first seen with mtime 1747033758.06703
File /home/tw/.env/fbenv/lib/python3.8/site-packages/stripe/_event_service.py first seen with mtime 1750922339.5780034
File /home/tw/.env/fbenv/lib/python3.8/site-packages/rest_framework/authentication.py first seen with mtime 1748496192.8390837
File /home/tw/.env/fbenv/lib/python3.8/site-packages/timezone_field/backends/__init__.py first seen with mtime 1750408554.9171505
File /home/tw/.env/fbenv/lib/python3.8/site-packages/django/contrib/auth/__init__.py first seen with mtime 1747033757.7910273
File /home/tw/.env/fbenv/lib/python3.8/site-packages/stripe/tax/_transaction.py first seen with mtime 1750922339.674004
File /home/tw/.env/fbenv/lib/python3.8/site-packages/cron_descriptor/ExpressionDescriptor.py first seen with mtime 1750408554.8971503
File /home/tw/.env/fbenv/lib/python3.8/site-packages/yaml/_yaml.cpython-38-x86_64-linux-gnu.so first seen with mtime 1750665969.8551812
File /home/tw/.env/fbenv/lib/python3.8/site-packages/django/views/generic/detail.py first seen with mtime 1747033758.2190316
File /home/tw/.env/fbenv/lib/python3.8/site-packages/requests/_internal_utils.py first seen with mtime 1750682004.3444068
File /home/tw/.env/fbenv/lib/python3.8/site-packages/django/utils/translation/trans_real.py first seen with mtime 1747033758.2150314
File /home/tw/.env/fbenv/lib/python3.8/site-packages/sentry_sdk/integrations/django/middleware.py first seen with mtime 1749449165.121964
File /home/tw/.env/fbenv/lib/python3.8/site-packages/billiard/common.py first seen with mtime 1750154773.4155638
File /home/tw/.env/fbenv/lib/python3.8/site-packages/oauthlib/oauth2/rfc6749/endpoints/__init__.py first seen with mtime 1750760834.3769298
File /usr/lib/python3.8/string.py first seen with mtime 1742328295.0
File /usr/lib/python3.8/asyncio/base_subprocess.py first seen with mtime 1742328295.0
File /home/tw/.env/fbenv/lib/python3.8/site-packages/django/db/models/constraints.py first seen with mtime 1747033758.171031
File /home/tw/.env/fbenv/lib/python3.8/site-packages/oauthlib/oauth1/rfc5849/signature.py first seen with mtime 1750760834.3729296
File /home/tw/.env/fbenv/lib/python3.8/site-packages/stripe/_file_service.py first seen with mtime 1750922339.5820034
File /home/tw/.env/fbenv/lib/python3.8/site-packages/sentry_sdk/_queue.py first seen with mtime 1749449165.1019638
File /home/tw/.env/fbenv/lib/python3.8/site-packages/django/urls/__init__.py first seen with mtime 1747033758.2030313
File /home/tw/.env/fbenv/lib/python3.8/site-packages/django/db/migrations/utils.py first seen with mtime 1747033758.167031
File /home/tw/.env/fbenv/lib/python3.8/site-packages/django/contrib/staticfiles/management/commands/runserver.py first seen with mtime 1747033758.1350307
File /home/tw/.env/fbenv/lib/python3.8/site-packages/sqlparse/formatter.py first seen with mtime 1747033757.4070237
File /home/tw/.env/fbenv/lib/python3.8/site-packages/redis/retry.py first seen with mtime 1750154756.2637725
File /home/tw/.env/fbenv/lib/python3.8/site-packages/sentry_sdk/scope.py first seen with mtime 1749449165.105964
File /home/tw/.env/fbenv/lib/python3.8/site-packages/stripe/_tax_code.py first seen with mtime 1750922339.6140037
File /home/tw/.env/fbenv/lib/python3.8/site-packages/stripe/tax/_calculation_line_item.py first seen with mtime 1750922339.674004
File /home/tw/.env/fbenv/lib/python3.8/site-packages/stripe/_exchange_rate.py first seen with mtime 1750922339.5780034
File /home/tw/.env/fbenv/lib/python3.8/site-packages/django/core/checks/security/csrf.py first seen with mtime 1747033758.1390307
File /home/tw/.env/fbenv/lib/python3.8/site-packages/jwt/jwks_client.py first seen with mtime 1748864876.2507958
File /home/tw/.env/fbenv/lib/python3.8/site-packages/urllib3/fields.py first seen with mtime 1749449165.0179632
File /home/tw/.env/fbenv/lib/python3.8/site-packages/oauthlib/openid/connect/core/__init__.py first seen with mtime 1750760834.38493
File /home/tw/.env/fbenv/lib/python3.8/site-packages/django/contrib/contenttypes/fields.py first seen with mtime 1747033757.839028
File /home/tw/.env/fbenv/lib/python3.8/site-packages/django_celery_beat/tzcrontab.py first seen with mtime 1750408554.9331508
File /home/tw/.env/fbenv/lib/python3.8/site-packages/stripe/_invoice_payment.py first seen with mtime 1750922339.5820034
File /home/tw/.env/fbenv/lib/python3.8/site-packages/yaml/resolver.py first seen with mtime 1750665969.8391812
File /home/tw/.env/fbenv/lib/python3.8/site-packages/redis/commands/redismodules.py first seen with mtime 1750154756.2717724
File /home/tw/.env/fbenv/lib/python3.8/site-packages/pytz/__init__.py first seen with mtime 1750665969.6071842
File /home/tw/.env/fbenv/lib/python3.8/site-packages/requests/auth.py first seen with mtime 1750682004.348407
File /home/tw/.env/fbenv/lib/python3.8/site-packages/stripe/_customer_session.py first seen with mtime 1750922339.5740035
File /home/tw/.env/fbenv/lib/python3.8/site-packages/rest_framework/validators.py first seen with mtime 1748496192.8470836
File /home/tw/.env/fbenv/lib/python3.8/site-packages/allauth/account/templatetags/__init__.py first seen with mtime 1750680940.8488238
File /usr/lib/python3.8/asyncio/tasks.py first seen with mtime 1742328295.0
File /usr/lib/python3.8/csv.py first seen with mtime 1742328295.0
File /home/tw/.env/fbenv/lib/python3.8/site-packages/django/core/servers/__init__.py first seen with mtime 1747033758.1510308
File /home/tw/.env/fbenv/lib/python3.8/site-packages/cryptography/hazmat/primitives/ciphers/__init__.py first seen with mtime 1750749385.5769594
File /home/tw/.env/fbenv/lib/python3.8/site-packages/kombu/utils/functional.py first seen with mtime 1750154773.2755656
File /usr/lib/python3.8/lib-dynload/_ssl.cpython-38-x86_64-linux-gnu.so first seen with mtime 1742328295.0
File /home/tw/.env/fbenv/lib/python3.8/site-packages/cron_descriptor/Exception.py first seen with mtime 1750408554.8931503
File /home/tw/.env/fbenv/lib/python3.8/site-packages/requests/sessions.py first seen with mtime 1750682004.348407
File /home/tw/.env/fbenv/lib/python3.8/site-packages/sentry_sdk/_compat.py first seen with mtime 1749449165.1019638
File /home/tw/fbclone/facebookclone/facebookclone/apps/fb/urls.py first seen with mtime 1751000980.0609205
File /usr/lib/python3.8/wsgiref/simple_server.py first seen with mtime 1742328295.0
File /home/tw/.env/fbenv/lib/python3.8/site-packages/stripe/_oauth.py first seen with mtime 1750922339.5860035
File /home/tw/.env/fbenv/lib/python3.8/site-packages/stripe/terminal/_reader_service.py first seen with mtime 1750922339.678004
File /home/tw/.env/fbenv/lib/python3.8/site-packages/stripe/_reversal.py first seen with mtime 1750922339.6020036
File /home/tw/.env/fbenv/lib/python3.8/site-packages/celery/utils/functional.py first seen with mtime 1750154773.9395576
File /home/tw/.env/fbenv/lib/python3.8/site-packages/allauth/socialaccount/checks.py first seen with mtime 1750680940.9328256
File /home/tw/.env/fbenv/lib/python3.8/site-packages/allauth/socialaccount/providers/twitter/views.py first seen with mtime 1750680941.0288277
File /home/tw/.env/fbenv/lib/python3.8/site-packages/allauth/account/urls.py first seen with mtime 1750680940.8448238
File /home/tw/.env/fbenv/lib/python3.8/site-packages/stripe/_payment_method.py first seen with mtime 1750922339.5940034
File /home/tw/.env/fbenv/lib/python3.8/site-packages/stripe/_account_session.py first seen with mtime 1750922339.5620034
File /home/tw/.env/fbenv/lib/python3.8/site-packages/stripe/_person.py first seen with mtime 1750922339.5980036
File /usr/lib/python3.8/wsgiref/headers.py first seen with mtime 1742328295.0
File /usr/lib/python3.8/asyncio/base_futures.py first seen with mtime 1742328295.0
File /home/tw/.env/fbenv/lib/python3.8/site-packages/oauthlib/oauth1/rfc5849/endpoints/base.py first seen with mtime 1750760834.3729296
File /home/tw/.env/fbenv/lib/python3.8/site-packages/cffi/api.py first seen with mtime 1750749385.4249582
File /home/tw/.env/fbenv/lib/python3.8/site-packages/stripe/financial_connections/_session_service.py first seen with mtime 1750922339.662004
File /home/tw/.env/fbenv/lib/python3.8/site-packages/jwt/warnings.py first seen with mtime 1748864876.2507958
File /home/tw/.env/fbenv/lib/python3.8/site-packages/vine/synchronization.py first seen with mtime 1750154773.1755667
File /home/tw/.env/fbenv/lib/python3.8/site-packages/celery/utils/log.py first seen with mtime 1750154773.9395576
File /home/tw/.env/fbenv/lib/python3.8/site-packages/rest_framework/utils/mediatypes.py first seen with mtime 1748496192.8950837
File /home/tw/.env/fbenv/lib/python3.8/site-packages/django/contrib/admin/templatetags/admin_modify.py first seen with mtime 1747033757.747027
File /home/tw/.env/fbenv/lib/python3.8/site-packages/sentry_sdk/debug.py first seen with mtime 1749449165.105964
File /home/tw/.env/fbenv/lib/python3.8/site-packages/allauth/socialaccount/providers/google/provider.py first seen with mtime 1750680940.9808266
File /home/tw/.env/fbenv/lib/python3.8/site-packages/rest_framework_simplejwt/views.py first seen with mtime 1748864876.2747958
File /home/tw/.env/fbenv/lib/python3.8/site-packages/stripe/climate/_supplier.py first seen with mtime 1750922339.658004
File /usr/lib/python3.8/asyncio/transports.py first seen with mtime 1742328295.0
File /home/tw/.env/fbenv/lib/python3.8/site-packages/kombu/pools.py first seen with mtime 1750154773.2635658
File /usr/lib/python3.8/stringprep.py first seen with mtime 1742328295.0
File /home/tw/.env/fbenv/lib/python3.8/site-packages/redis/asyncio/utils.py first seen with mtime 1750154756.2677724
File /home/tw/.env/fbenv/lib/python3.8/site-packages/allauth/socialaccount/internal/flows/email_authentication.py first seen with mtime 1750680940.9328256
File /home/tw/.env/fbenv/lib/python3.8/site-packages/django/templatetags/tz.py first seen with mtime 1747033758.2030313
File /home/tw/.env/fbenv/lib/python3.8/site-packages/PIL/ExifTags.py first seen with mtime 1747034328.9873164
File /usr/lib/python3.8/html/entities.py first seen with mtime 1742328295.0
File /home/tw/.env/fbenv/lib/python3.8/site-packages/redis/cache.py first seen with mtime 1750154756.2597725
File /home/tw/.env/fbenv/lib/python3.8/site-packages/PIL/_util.py first seen with mtime 1747034328.9873164
File /usr/lib/python3.8/hashlib.py first seen with mtime 1742328295.0
File /home/tw/.env/fbenv/lib/python3.8/site-packages/urllib3/util/request.py first seen with mtime 1749449165.0219631
File /home/tw/.env/fbenv/lib/python3.8/site-packages/redis/_parsers/commands.py first seen with mtime 1750154756.2637725
File /home/tw/.env/fbenv/lib/python3.8/site-packages/redis/auth/token.py first seen with mtime 1750154756.2677724
File /home/tw/.env/fbenv/lib/python3.8/site-packages/dateutil/_version.py first seen with mtime 1749639178.87789
File /home/tw/.env/fbenv/lib/python3.8/site-packages/django/contrib/sessions/backends/__init__.py first seen with mtime 1747033758.06703
File /home/tw/.env/fbenv/lib/python3.8/site-packages/rest_framework/metadata.py first seen with mtime 1748496192.8430836
File /home/tw/.env/fbenv/lib/python3.8/site-packages/rest_framework/utils/encoders.py first seen with mtime 1748496192.8950837
File /home/tw/.env/fbenv/lib/python3.8/site-packages/sqlparse/engine/grouping.py first seen with mtime 1747033757.4070237
File /home/tw/.env/fbenv/lib/python3.8/site-packages/stripe/_source_mandate_notification.py first seen with mtime 1750922339.6060035
File /home/tw/.env/fbenv/lib/python3.8/site-packages/celery/_state.py first seen with mtime 1750154773.9155576
File /home/tw/.env/fbenv/lib/python3.8/site-packages/django/db/models/manager.py first seen with mtime 1747033758.171031
File /home/tw/.env/fbenv/lib/python3.8/site-packages/django/forms/__init__.py first seen with mtime 1747033758.1790311
File /home/tw/.env/fbenv/lib/python3.8/site-packages/stripe/issuing/_transaction.py first seen with mtime 1750922339.6700041
File /home/tw/.env/fbenv/lib/python3.8/site-packages/allauth/account/internal/flows/login.py first seen with mtime 1750680940.8448238
File /home/tw/.env/fbenv/lib/python3.8/site-packages/sentry_sdk/integrations/redis/_sync_common.py first seen with mtime 1749449165.125964
File /home/tw/.env/fbenv/lib/python3.8/site-packages/django/test/utils.py first seen with mtime 1747033758.2030313
File /home/tw/.env/fbenv/lib/python3.8/site-packages/allauth/socialaccount/apps.py first seen with mtime 1750680940.9328256
File /usr/lib/python3.8/encodings/utf_8.py first seen with mtime 1742328295.0
File /home/tw/.env/fbenv/lib/python3.8/site-packages/django/contrib/sites/management.py first seen with mtime 1747033758.0990303
File /home/tw/.env/fbenv/lib/python3.8/site-packages/rest_framework/status.py first seen with mtime 1748496192.8470836
File /home/tw/.env/fbenv/lib/python3.8/site-packages/rest_framework/schemas/openapi.py first seen with mtime 1748496192.8670835
File /home/tw/.env/fbenv/lib/python3.8/site-packages/amqp/sasl.py first seen with mtime 1750154773.1875665
File /home/tw/.env/fbenv/lib/python3.8/site-packages/django/templatetags/i18n.py first seen with mtime 1747033758.2030313
File /home/tw/.env/fbenv/lib/python3.8/site-packages/django/template/utils.py first seen with mtime 1747033758.1990314
File /home/tw/.env/fbenv/lib/python3.8/site-packages/allauth/__init__.py first seen with mtime 1750680940.8368237
File /home/tw/.env/fbenv/lib/python3.8/site-packages/django/__init__.py first seen with mtime 1747033757.535025
File /home/tw/.env/fbenv/lib/python3.8/site-packages/django/contrib/admin/exceptions.py first seen with mtime 1747033757.623026
File /home/tw/.env/fbenv/lib/python3.8/site-packages/stripe/_invoice_line_item.py first seen with mtime 1750922339.5820034
File /home/tw/.env/fbenv/lib/python3.8/site-packages/dateutil/tz/tz.py first seen with mtime 1749639178.88189
File /usr/lib/python3.8/io.py first seen with mtime 1742328295.0
File /home/tw/.env/fbenv/lib/python3.8/site-packages/stripe/_application_fee.py first seen with mtime 1750922339.5660033
File /home/tw/.env/fbenv/lib/python3.8/site-packages/sentry_sdk/integrations/django/caching.py first seen with mtime 1749449165.121964
File /home/tw/.env/fbenv/lib/python3.8/site-packages/stripe/v2/billing/_meter_event_session_service.py first seen with mtime 1750922339.690004
File /home/tw/.env/fbenv/lib/python3.8/site-packages/cryptography/hazmat/decrepit/__init__.py first seen with mtime 1750749385.5689592
File /home/tw/.env/fbenv/lib/python3.8/site-packages/oauthlib/oauth1/__init__.py first seen with mtime 1750760834.3729296
File /home/tw/.env/fbenv/lib/python3.8/site-packages/psycopg2/_range.py first seen with mtime 1747034246.770805
File /home/tw/.env/fbenv/lib/python3.8/site-packages/sentry_sdk/profiler/__init__.py first seen with mtime 1749449165.129964
File /home/tw/.env/fbenv/lib/python3.8/site-packages/django/db/backends/postgresql/client.py first seen with mtime 1747033758.159031
File /home/tw/.env/fbenv/lib/python3.8/site-packages/stripe/_account_capability_service.py first seen with mtime 1750922339.5620034
File /home/tw/.env/fbenv/lib/python3.8/site-packages/urllib3/_collections.py first seen with mtime 1749449165.0179632
File /home/tw/.env/fbenv/lib/python3.8/site-packages/redis/auth/err.py first seen with mtime 1750154756.2677724
File /usr/lib/python3.8/email/errors.py first seen with mtime 1742328295.0
File /home/tw/.env/fbenv/lib/python3.8/site-packages/sentry_sdk/_lru_cache.py first seen with mtime 1749449165.1019638
File /home/tw/.env/fbenv/lib/python3.8/site-packages/django/core/files/utils.py first seen with mtime 1747033758.143031
File /home/tw/fbclone/facebookclone/facebookclone/apps/fb/apps.py first seen with mtime 1751014941.5485601
File /home/tw/.env/fbenv/lib/python3.8/site-packages/charset_normalizer/md__mypyc.cpython-38-x86_64-linux-gnu.so first seen with mtime 1750682004.3164067
File /usr/lib/python3.8/asyncio/__init__.py first seen with mtime 1742328295.0
File /home/tw/.env/fbenv/lib/python3.8/site-packages/stripe/financial_connections/_account_ownership.py first seen with mtime 1750922339.662004
File /home/tw/.env/fbenv/lib/python3.8/site-packages/stripe/test_helpers/terminal/_reader_service.py first seen with mtime 1750922339.6820042
File /home/tw/.env/fbenv/lib/python3.8/site-packages/allauth/account/apps.py first seen with mtime 1750680940.8408237
File /home/tw/.env/fbenv/lib/python3.8/site-packages/django/contrib/messages/api.py first seen with mtime 1747033757.9990294
File /home/tw/.env/fbenv/lib/python3.8/site-packages/stripe/sigma/_scheduled_query_run_service.py first seen with mtime 1750922339.674004
File /home/tw/.env/fbenv/lib/python3.8/site-packages/allauth/account/internal/flows/email_verification.py first seen with mtime 1750680940.8448238
File /home/tw/.env/fbenv/lib/python3.8/site-packages/django/utils/formats.py first seen with mtime 1747033758.2110314
File /home/tw/.env/fbenv/lib/python3.8/site-packages/celery/utils/text.py first seen with mtime 1750154773.9395576
File /home/tw/.env/fbenv/lib/python3.8/site-packages/stripe/_ephemeral_key_service.py first seen with mtime 1750922339.5780034
File /home/tw/.env/fbenv/lib/python3.8/site-packages/sqlparse/filters/output.py first seen with mtime 1747033757.4110239
File /home/tw/.env/fbenv/lib/python3.8/site-packages/django/contrib/contenttypes/admin.py first seen with mtime 1747033757.839028
File /home/tw/.env/fbenv/lib/python3.8/site-packages/jwt/api_jwk.py first seen with mtime 1748864876.2467957
File /home/tw/.env/fbenv/lib/python3.8/site-packages/allauth/account/utils.py first seen with mtime 1750680940.8448238
File /home/tw/.env/fbenv/lib/python3.8/site-packages/stripe/_setup_intent.py first seen with mtime 1750922339.6060035
File /home/tw/.env/fbenv/lib/python3.8/site-packages/stripe/treasury/_credit_reversal_service.py first seen with mtime 1750922339.6820042
File /home/tw/.env/fbenv/lib/python3.8/site-packages/stripe/issuing/_physical_bundle.py first seen with mtime 1750922339.6700041
File /home/tw/.env/fbenv/lib/python3.8/site-packages/django/core/files/locks.py first seen with mtime 1747033758.143031
File /home/tw/.env/fbenv/lib/python3.8/site-packages/kombu/utils/imports.py first seen with mtime 1750154773.2755656
File /home/tw/.env/fbenv/lib/python3.8/site-packages/psycopg2/sql.py first seen with mtime 1747034246.770805
File /home/tw/.env/fbenv/lib/python3.8/site-packages/celery/fixups/__init__.py first seen with mtime 1750154773.9355576
File /home/tw/.env/fbenv/lib/python3.8/site-packages/pytz/tzfile.py first seen with mtime 1750665969.6071842
File /home/tw/.env/fbenv/lib/python3.8/site-packages/django/contrib/admindocs/views.py first seen with mtime 1747033757.751027
File /home/tw/.env/fbenv/lib/python3.8/site-packages/pytz/exceptions.py first seen with mtime 1750665969.6071842
File /home/tw/.env/fbenv/lib/python3.8/site-packages/celery/result.py first seen with mtime 1750154773.9195576
File /home/tw/.env/fbenv/lib/python3.8/site-packages/celery/utils/imports.py first seen with mtime 1750154773.9395576
File /home/tw/.env/fbenv/lib/python3.8/site-packages/stripe/treasury/_financial_account_features.py first seen with mtime 1750922339.6860042
File /home/tw/.env/fbenv/lib/python3.8/site-packages/django/views/debug.py first seen with mtime 1747033758.2150314
File /usr/lib/python3.8/http/cookiejar.py first seen with mtime 1742328295.0
File /home/tw/.env/fbenv/lib/python3.8/site-packages/celery/local.py first seen with mtime 1750154773.9195576
File /home/tw/.env/fbenv/lib/python3.8/site-packages/timezone_field/fields.py first seen with mtime 1750408554.9211507
File /home/tw/.env/fbenv/lib/python3.8/site-packages/amqp/platform.py first seen with mtime 1750154773.1875665
File /usr/lib/python3.8/warnings.py first seen with mtime 1742328295.0
File /home/tw/.env/fbenv/lib/python3.8/site-packages/sentry_sdk/worker.py first seen with mtime 1749449165.109964
File /home/tw/.env/fbenv/lib/python3.8/site-packages/django/db/models/fields/mixins.py first seen with mtime 1747033758.1750312
File /home/tw/.env/fbenv/lib/python3.8/site-packages/django/contrib/admin/utils.py first seen with mtime 1747033757.6270258
File /home/tw/.env/fbenv/lib/python3.8/site-packages/stripe/financial_connections/_account.py first seen with mtime 1750922339.662004
File /home/tw/.env/fbenv/lib/python3.8/site-packages/redis/_parsers/encoders.py first seen with mtime 1750154756.2637725
File /usr/lib/python3.8/collections/abc.py first seen with mtime 1742328295.0
File /usr/lib/python3.8/email/encoders.py first seen with mtime 1742328295.0
File /home/tw/.env/fbenv/lib/python3.8/site-packages/stripe/_account_login_link_service.py first seen with mtime 1750922339.5620034
File /home/tw/.env/fbenv/lib/python3.8/site-packages/allauth/account/fields.py first seen with mtime 1750680940.8408237
File /home/tw/.env/fbenv/lib/python3.8/site-packages/redis/sentinel.py first seen with mtime 1750154756.2637725
File /home/tw/.env/fbenv/lib/python3.8/site-packages/stripe/_invoice_item_service.py first seen with mtime 1750922339.5820034
File /home/tw/.env/fbenv/lib/python3.8/site-packages/django/db/models/options.py first seen with mtime 1747033758.171031
File /home/tw/.env/fbenv/lib/python3.8/site-packages/stripe/_billing_service.py first seen with mtime 1750922339.5660033
File /home/tw/.env/fbenv/lib/python3.8/site-packages/django/db/transaction.py first seen with mtime 1747033758.155031
File /home/tw/.env/fbenv/lib/python3.8/site-packages/stripe/terminal/_connection_token_service.py first seen with mtime 1750922339.678004
File /home/tw/.env/fbenv/lib/python3.8/site-packages/django_celery_beat/__init__.py first seen with mtime 1750408554.9331508
File /home/tw/.env/fbenv/lib/python3.8/site-packages/django/db/backends/postgresql/introspection.py first seen with mtime 1747033758.1630309
File /home/tw/.env/fbenv/lib/python3.8/site-packages/dateutil/parser/_parser.py first seen with mtime 1749639178.88189
File /home/tw/.env/fbenv/lib/python3.8/site-packages/stripe/financial_connections/_account_owner.py first seen with mtime 1750922339.662004
File /home/tw/.env/fbenv/lib/python3.8/site-packages/stripe/_sigma_service.py first seen with mtime 1750922339.6060035
File /home/tw/.env/fbenv/lib/python3.8/site-packages/celery/utils/threads.py first seen with mtime 1750154773.9395576
File /home/tw/.env/fbenv/lib/python3.8/site-packages/yaml/error.py first seen with mtime 1750665969.8391812
File /usr/lib/python3.8/wsgiref/handlers.py first seen with mtime 1742328295.0
File /usr/lib/python3.8/email/_parseaddr.py first seen with mtime 1742328295.0
File /home/tw/.env/fbenv/lib/python3.8/site-packages/kombu/resource.py first seen with mtime 1750154773.2635658
File /home/tw/.env/fbenv/lib/python3.8/site-packages/yaml/reader.py first seen with mtime 1750665969.8351812
File /home/tw/.env/fbenv/lib/python3.8/site-packages/django/middleware/csrf.py first seen with mtime 1747033758.1950312
File /home/tw/.env/fbenv/lib/python3.8/site-packages/allauth/urls.py first seen with mtime 1750680940.8408237
File /usr/lib/python3.8/collections/__init__.py first seen with mtime 1742328295.0
File /usr/lib/python3.8/multiprocessing/util.py first seen with mtime 1742328295.0
File /home/tw/.env/fbenv/lib/python3.8/site-packages/stripe/terminal/_configuration.py first seen with mtime 1750922339.678004
File /home/tw/.env/fbenv/lib/python3.8/site-packages/PIL/_binary.py first seen with mtime 1747034329.0233166
File /home/tw/.env/fbenv/lib/python3.8/site-packages/jwt/algorithms.py first seen with mtime 1748864876.2467957
File /home/tw/.env/fbenv/lib/python3.8/site-packages/stripe/billing/__init__.py first seen with mtime 1750922339.650004
File /home/tw/.env/fbenv/lib/python3.8/site-packages/stripe/financial_connections/_session.py first seen with mtime 1750922339.662004
File /usr/lib/python3.8/lib-dynload/_bz2.cpython-38-x86_64-linux-gnu.so first seen with mtime 1742328295.0
File /usr/lib/python3.8/concurrent/futures/thread.py first seen with mtime 1742328295.0
File /home/tw/.env/fbenv/lib/python3.8/site-packages/oauthlib/openid/connect/core/request_validator.py first seen with mtime 1750760834.38493
File /usr/lib/python3.8/enum.py first seen with mtime 1742328295.0
File /home/tw/.env/fbenv/lib/python3.8/site-packages/stripe/_stripe_client.py first seen with mtime 1750922339.6100037
File /home/tw/.env/fbenv/lib/python3.8/site-packages/stripe/events/__init__.py first seen with mtime 1750922339.658004
File /home/tw/.env/fbenv/lib/python3.8/site-packages/stripe/_account_external_account_service.py first seen with mtime 1750922339.5620034
File /home/tw/.env/fbenv/lib/python3.8/site-packages/django/db/backends/base/introspection.py first seen with mtime 1747033758.155031
File /home/tw/.env/fbenv/lib/python3.8/site-packages/django/core/cache/backends/base.py first seen with mtime 1747033758.1390307
File /home/tw/.env/fbenv/lib/python3.8/site-packages/stripe/test_helpers/treasury/_inbound_transfer_service.py first seen with mtime 1750922339.6820042
File /home/tw/.env/fbenv/lib/python3.8/site-packages/charset_normalizer/legacy.py first seen with mtime 1750682004.3124065
File /usr/lib/python3.8/asyncio/exceptions.py first seen with mtime 1742328295.0
File /home/tw/.env/fbenv/lib/python3.8/site-packages/django/core/files/storage/__init__.py first seen with mtime 1747033758.143031
File /home/tw/.env/fbenv/lib/python3.8/site-packages/sentry_sdk/api.py first seen with mtime 1749449165.105964
File /home/tw/.env/fbenv/lib/python3.8/site-packages/django/template/base.py first seen with mtime 1747033758.1990314
File /home/tw/.env/fbenv/lib/python3.8/site-packages/rest_framework/templatetags/__init__.py first seen with mtime 1748496192.8910837
File /home/tw/.env/fbenv/lib/python3.8/site-packages/async_timeout/__init__.py first seen with mtime 1750154756.2517726
File /home/tw/.env/fbenv/lib/python3.8/site-packages/stripe/test_helpers/issuing/_card_service.py first seen with mtime 1750922339.6820042
File /home/tw/.env/fbenv/lib/python3.8/site-packages/requests/__init__.py first seen with mtime 1750682004.3444068
File /home/tw/.env/fbenv/lib/python3.8/site-packages/django/contrib/auth/forms.py first seen with mtime 1747033757.7910273
File /home/tw/.env/fbenv/lib/python3.8/site-packages/oauthlib/openid/connect/core/grant_types/hybrid.py first seen with mtime 1750760834.38493
File /home/tw/.env/fbenv/lib/python3.8/site-packages/stripe/_balance_service.py first seen with mtime 1750922339.5660033
File /usr/lib/python3.8/unittest/async_case.py first seen with mtime 1742328295.0
File /home/tw/.env/fbenv/lib/python3.8/site-packages/drf_yasg/__init__.py first seen with mtime 1750665969.9111805
File /usr/lib/python3.8/xml/parsers/__init__.py first seen with mtime 1742328295.0
File /usr/lib/python3.8/xml/dom/minicompat.py first seen with mtime 1742328295.0
File /home/tw/.env/fbenv/lib/python3.8/site-packages/cryptography/hazmat/primitives/asymmetric/padding.py first seen with mtime 1750749385.5729592
File /home/tw/.env/fbenv/lib/python3.8/site-packages/uritemplate/api.py first seen with mtime 1750665969.8231814
File /home/tw/.env/fbenv/lib/python3.8/site-packages/celery/loaders/__init__.py first seen with mtime 1750154773.9355576
File /home/tw/.env/fbenv/lib/python3.8/site-packages/stripe/_reporting_service.py first seen with mtime 1750922339.6020036
File /usr/lib/python3.8/logging/handlers.py first seen with mtime 1742328295.0
File /home/tw/.env/fbenv/lib/python3.8/site-packages/django/utils/translation/__init__.py first seen with mtime 1747033758.2150314
File /home/tw/.env/fbenv/lib/python3.8/site-packages/stripe/_api_requestor.py first seen with mtime 1750922339.5620034
File /home/tw/.env/fbenv/lib/python3.8/site-packages/redis/asyncio/lock.py first seen with mtime 1750154756.2677724
File /home/tw/.env/fbenv/lib/python3.8/site-packages/django/utils/translation/reloader.py first seen with mtime 1747033758.2150314
File /home/tw/.env/fbenv/lib/python3.8/site-packages/backports/zoneinfo/__init__.py first seen with mtime 1747033757.3910236
File /home/tw/.env/fbenv/lib/python3.8/site-packages/stripe/issuing/_token.py first seen with mtime 1750922339.6700041
File /home/tw/.env/fbenv/lib/python3.8/site-packages/dateutil/parser/__init__.py first seen with mtime 1749639178.88189
File /home/tw/.env/fbenv/lib/python3.8/site-packages/PIL/_imaging.cpython-38-x86_64-linux-gnu.so first seen with mtime 1747034329.0193167
File /home/tw/.env/fbenv/lib/python3.8/site-packages/sentry_sdk/integrations/redis/_async_common.py first seen with mtime 1749449165.125964
File /home/tw/.env/fbenv/lib/python3.8/site-packages/stripe/climate/_supplier_service.py first seen with mtime 1750922339.658004
File /home/tw/.env/fbenv/lib/python3.8/site-packages/django/core/files/base.py first seen with mtime 1747033758.1390307
File /home/tw/.env/fbenv/lib/python3.8/site-packages/stripe/_product_service.py first seen with mtime 1750922339.5980036
File /home/tw/.env/fbenv/lib/python3.8/site-packages/django/contrib/auth/management/__init__.py first seen with mtime 1747033757.835028
File /home/tw/.env/fbenv/lib/python3.8/site-packages/requests/hooks.py first seen with mtime 1750682004.348407
File /home/tw/.env/fbenv/lib/python3.8/site-packages/urllib3/http2/probe.py first seen with mtime 1749449165.0219631
File /home/tw/.env/fbenv/lib/python3.8/site-packages/django/contrib/messages/storage/base.py first seen with mtime 1747033758.0030293
File /home/tw/fbclone/facebookclone/facebookclone/apps/fb/admin.py first seen with mtime 1751261396.901878
File /home/tw/.env/fbenv/lib/python3.8/site-packages/stripe/_bank_account.py first seen with mtime 1750922339.5660033
File /usr/lib/python3.8/shelve.py first seen with mtime 1742328295.0
File /home/tw/.env/fbenv/lib/python3.8/site-packages/yaml/tokens.py first seen with mtime 1750665969.8391812
File /usr/lib/python3.8/reprlib.py first seen with mtime 1742328295.0
File /home/tw/.env/fbenv/lib/python3.8/site-packages/allauth/core/internal/ratelimit.py first seen with mtime 1750680940.856824
File /home/tw/.env/fbenv/lib/python3.8/site-packages/django/core/cache/utils.py first seen with mtime 1747033758.1350307
File /usr/lib/python3.8/pickle.py first seen with mtime 1742328295.0
File /home/tw/.env/fbenv/lib/python3.8/site-packages/django_celery_results/models.py first seen with mtime 1750408554.9851513
File /home/tw/.env/fbenv/lib/python3.8/site-packages/stripe/_api_mode.py first seen with mtime 1750922339.5620034
File /home/tw/.env/fbenv/lib/python3.8/site-packages/allauth/account/admin.py first seen with mtime 1750680940.8408237
File /home/tw/.env/fbenv/lib/python3.8/site-packages/django/utils/encoding.py first seen with mtime 1747033758.2110314
File /home/tw/.env/fbenv/lib/python3.8/site-packages/rest_framework/decorators.py first seen with mtime 1748496192.8430836
File /home/tw/.env/fbenv/lib/python3.8/site-packages/stripe/treasury/_financial_account.py first seen with mtime 1750922339.6860042
File /home/tw/.env/fbenv/lib/python3.8/site-packages/django/contrib/sessions/middleware.py first seen with mtime 1747033758.06703
File /home/tw/.env/fbenv/lib/python3.8/site-packages/stripe/treasury/_financial_account_service.py first seen with mtime 1750922339.6860042
File /usr/lib/python3.8/socket.py first seen with mtime 1742328295.0
File /home/tw/.env/fbenv/lib/python3.8/site-packages/django/conf/urls/__init__.py first seen with mtime 1747033757.623026
File /home/tw/.env/fbenv/lib/python3.8/site-packages/stripe/_setup_attempt_service.py first seen with mtime 1750922339.6060035
File /home/tw/.env/fbenv/lib/python3.8/site-packages/cron_descriptor/GetText.py first seen with mtime 1750408554.8971503
File /home/tw/.env/fbenv/lib/python3.8/site-packages/kombu/utils/json.py first seen with mtime 1750154773.2755656
File /home/tw/.env/fbenv/lib/python3.8/site-packages/stripe/v2/billing/_meter_event_service.py first seen with mtime 1750922339.690004
File /home/tw/.env/fbenv/lib/python3.8/site-packages/django/contrib/messages/constants.py first seen with mtime 1747033757.9990294
File /home/tw/.env/fbenv/lib/python3.8/site-packages/stripe/apps/_secret.py first seen with mtime 1750922339.646004
File /home/tw/.env/fbenv/lib/python3.8/site-packages/django/contrib/postgres/fields/__init__.py first seen with mtime 1747033758.0030293
File /home/tw/.env/fbenv/lib/python3.8/site-packages/django/contrib/postgres/__init__.py first seen with mtime 1747033758.0030293
File /usr/lib/python3.8/typing.py first seen with mtime 1742328295.0
File /home/tw/.env/fbenv/lib/python3.8/site-packages/django/http/multipartparser.py first seen with mtime 1747033758.1950312
File /home/tw/.env/fbenv/lib/python3.8/site-packages/cryptography/x509/__init__.py first seen with mtime 1750749385.5809593
File /home/tw/.env/fbenv/lib/python3.8/site-packages/stripe/_shipping_rate.py first seen with mtime 1750922339.6060035
File /home/tw/.env/fbenv/lib/python3.8/site-packages/django/utils/crypto.py first seen with mtime 1747033758.2070315
File /home/tw/.env/fbenv/lib/python3.8/site-packages/allauth/socialaccount/providers/oauth2/provider.py first seen with mtime 1750680940.9968271
File /home/tw/.env/fbenv/lib/python3.8/site-packages/django/contrib/admin/widgets.py first seen with mtime 1747033757.6270258
File /home/tw/.env/fbenv/lib/python3.8/site-packages/celery/utils/time.py first seen with mtime 1750154773.9395576
File /home/tw/.env/fbenv/lib/python3.8/site-packages/django/forms/fields.py first seen with mtime 1747033758.1790311
File /home/tw/.env/fbenv/lib/python3.8/site-packages/stripe/_capability.py first seen with mtime 1750922339.5660033
File /home/tw/.env/fbenv/lib/python3.8/site-packages/urllib3/util/__init__.py first seen with mtime 1749449165.0219631
File /usr/lib/python3.8/platform.py first seen with mtime 1742328295.0
File /home/tw/.env/fbenv/lib/python3.8/site-packages/stripe/_customer_funding_instructions_service.py first seen with mtime 1750922339.5740035
File /home/tw/.env/fbenv/lib/python3.8/site-packages/django/db/backends/base/__init__.py first seen with mtime 1747033758.155031
File /home/tw/.env/fbenv/lib/python3.8/site-packages/oauthlib/oauth2/rfc6749/tokens.py first seen with mtime 1750760834.3769298
File /home/tw/.env/fbenv/lib/python3.8/site-packages/stripe/_charge_service.py first seen with mtime 1750922339.5700033
File /home/tw/.env/fbenv/lib/python3.8/site-packages/django/test/signals.py first seen with mtime 1747033758.2030313
File /home/tw/.env/fbenv/lib/python3.8/site-packages/click/formatting.py first seen with mtime 1750154773.4915628
File /home/tw/.env/fbenv/lib/python3.8/site-packages/timezone_field/backends/base.py first seen with mtime 1750408554.9171505
File /home/tw/.env/fbenv/lib/python3.8/site-packages/stripe/issuing/_personalization_design_service.py first seen with mtime 1750922339.6700041
File /home/tw/.env/fbenv/lib/python3.8/site-packages/django_celery_results/managers.py first seen with mtime 1750408554.9851513
File /home/tw/.env/fbenv/lib/python3.8/site-packages/sentry_sdk/ai/monitoring.py first seen with mtime 1749449165.109964
File /home/tw/.env/fbenv/lib/python3.8/site-packages/allauth/account/mixins.py first seen with mtime 1750680940.8408237
File /home/tw/.env/fbenv/lib/python3.8/site-packages/django/contrib/staticfiles/handlers.py first seen with mtime 1747033758.1350307
File /usr/lib/python3.8/asyncio/events.py first seen with mtime 1742328295.0
File /usr/lib/python3.8/_compression.py first seen with mtime 1742328295.0
File /home/tw/.env/fbenv/lib/python3.8/site-packages/allauth/socialaccount/signals.py first seen with mtime 1750680940.9328256
File /home/tw/.env/fbenv/lib/python3.8/site-packages/cryptography/hazmat/primitives/serialization/__init__.py first seen with mtime 1750749385.5769594
File /home/tw/.env/fbenv/lib/python3.8/site-packages/stripe/_transfer.py first seen with mtime 1750922339.6180036
File /home/tw/.env/fbenv/lib/python3.8/site-packages/kombu/exceptions.py first seen with mtime 1750154773.2635658
File /home/tw/.env/fbenv/lib/python3.8/site-packages/stripe/events/_v2_core_event_destination_ping_event.py first seen with mtime 1750922339.662004
File /home/tw/.env/fbenv/lib/python3.8/site-packages/stripe/treasury/_outbound_payment.py first seen with mtime 1750922339.6860042
File /home/tw/.env/fbenv/lib/python3.8/site-packages/django/db/models/sql/constants.py first seen with mtime 1747033758.1790311
File /home/tw/.env/fbenv/lib/python3.8/site-packages/charset_normalizer/constant.py first seen with mtime 1750682004.3124065
File /home/tw/.env/fbenv/lib/python3.8/site-packages/stripe/_payout.py first seen with mtime 1750922339.5980036
File /home/tw/.env/fbenv/lib/python3.8/site-packages/django/contrib/contenttypes/views.py first seen with mtime 1747033757.839028
File /home/tw/.env/fbenv/lib/python3.8/site-packages/sentry_sdk/integrations/redis/redis.py first seen with mtime 1749449165.125964
File /home/tw/.env/fbenv/lib/python3.8/site-packages/oauthlib/oauth2/rfc6749/endpoints/pre_configured.py first seen with mtime 1750760834.3809297
File /home/tw/.env/fbenv/lib/python3.8/site-packages/django/utils/datastructures.py first seen with mtime 1747033758.2070315
File /home/tw/.env/fbenv/lib/python3.8/site-packages/amqp/utils.py first seen with mtime 1750154773.1875665
File /usr/lib/python3.8/lib-dynload/termios.cpython-38-x86_64-linux-gnu.so first seen with mtime 1742328295.0
File /home/tw/.env/fbenv/lib/python3.8/site-packages/stripe/_terminal_service.py first seen with mtime 1750922339.6140037
File /home/tw/.env/fbenv/lib/python3.8/site-packages/rest_framework_simplejwt/exceptions.py first seen with mtime 1748864876.2747958
File /home/tw/.env/fbenv/lib/python3.8/site-packages/stripe/billing/_meter_event_adjustment.py first seen with mtime 1750922339.650004
File /home/tw/fbclone/facebookclone/facebookclone/apps/fb/signals.py first seen with mtime 1751023147.6357472
File /home/tw/.env/fbenv/lib/python3.8/site-packages/stripe/_singleton_api_resource.py first seen with mtime 1750922339.6060035
File /home/tw/fbclone/facebookclone/facebookclone/apps/fb/custompermissions.py first seen with mtime 1749646255.6049404
File /home/tw/.env/fbenv/lib/python3.8/site-packages/allauth/account/signals.py first seen with mtime 1750680940.8448238
File /usr/lib/python3.8/importlib/resources.py first seen with mtime 1742328295.0
File /usr/lib/python3.8/gettext.py first seen with mtime 1742328295.0
File /home/tw/.env/fbenv/lib/python3.8/site-packages/requests/exceptions.py first seen with mtime 1750682004.348407
File /home/tw/.env/fbenv/lib/python3.8/site-packages/stripe/treasury/_transaction_entry_service.py first seen with mtime 1750922339.690004
File /home/tw/.env/fbenv/lib/python3.8/site-packages/click/globals.py first seen with mtime 1750154773.4915628
File /home/tw/.env/fbenv/lib/python3.8/site-packages/django/contrib/sites/requests.py first seen with mtime 1747033758.0990303
File /home/tw/.env/fbenv/lib/python3.8/site-packages/packaging/__init__.py first seen with mtime 1750154773.2155662
File /home/tw/.env/fbenv/lib/python3.8/site-packages/cryptography/hazmat/_oid.py first seen with mtime 1750749385.4849586
File /home/tw/.env/fbenv/lib/python3.8/site-packages/sqlparse/keywords.py first seen with mtime 1747033757.4070237
File /home/tw/.env/fbenv/lib/python3.8/site-packages/django/db/backends/postgresql/operations.py first seen with mtime 1747033758.1630309
File /home/tw/.env/fbenv/lib/python3.8/site-packages/PIL/_version.py first seen with mtime 1747034328.9833164
File /home/tw/.env/fbenv/lib/python3.8/site-packages/django/urls/resolvers.py first seen with mtime 1747033758.2070315
File /home/tw/.env/fbenv/lib/python3.8/site-packages/django_celery_results/__init__.py first seen with mtime 1750408554.9851513
File /home/tw/.env/fbenv/lib/python3.8/site-packages/celery/utils/annotations.py first seen with mtime 1750154773.9395576
File /usr/lib/python3.8/keyword.py first seen with mtime 1742328295.0
File /home/tw/.env/fbenv/lib/python3.8/site-packages/typing_extensions.py first seen with mtime 1747033757.447024
File /home/tw/.env/fbenv/lib/python3.8/site-packages/sentry_sdk/integrations/celery/utils.py first seen with mtime 1749449165.121964
File /home/tw/.env/fbenv/lib/python3.8/site-packages/django/contrib/admin/templatetags/admin_list.py first seen with mtime 1747033757.747027
File /usr/lib/python3.8/secrets.py first seen with mtime 1742328295.0
File /home/tw/.env/fbenv/lib/python3.8/site-packages/stripe/_source_transaction_service.py first seen with mtime 1750922339.6100037
File /home/tw/.env/fbenv/lib/python3.8/site-packages/stripe/entitlements/_active_entitlement.py first seen with mtime 1750922339.658004
File /home/tw/fbclone/facebookclone/facebookclone/apps/fb/serializers.py first seen with mtime 1749808402.8014567
File /home/tw/.env/fbenv/lib/python3.8/site-packages/redis/asyncio/client.py first seen with mtime 1750154756.2677724
File /home/tw/.env/fbenv/lib/python3.8/site-packages/django/db/backends/postgresql/creation.py first seen with mtime 1747033758.1630309
File /home/tw/.env/fbenv/lib/python3.8/site-packages/allauth/account/internal/flows/reauthentication.py first seen with mtime 1750680940.8488238
File /home/tw/.env/fbenv/lib/python3.8/site-packages/requests_oauthlib/oauth1_auth.py first seen with mtime 1750760834.472931
File /home/tw/.env/fbenv/lib/python3.8/site-packages/allauth/socialaccount/providers/twitter/provider.py first seen with mtime 1750680941.0288277
File /home/tw/.env/fbenv/lib/python3.8/site-packages/django/utils/safestring.py first seen with mtime 1747033758.2110314
File /home/tw/.env/fbenv/lib/python3.8/site-packages/stripe/_tax_code_service.py first seen with mtime 1750922339.6140037
File /home/tw/.env/fbenv/lib/python3.8/site-packages/defusedxml/__init__.py first seen with mtime 1750760834.4529307
File /home/tw/.env/fbenv/lib/python3.8/site-packages/stripe/v2/billing/__init__.py first seen with mtime 1750922339.690004
File /home/tw/.env/fbenv/lib/python3.8/site-packages/stripe/billing/_meter_event_summary_service.py first seen with mtime 1750922339.650004
File /home/tw/.env/fbenv/lib/python3.8/site-packages/stripe/test_helpers/treasury/_received_debit_service.py first seen with mtime 1750922339.6820042
File /usr/lib/python3.8/xml/parsers/expat.py first seen with mtime 1742328295.0
File /home/tw/.env/fbenv/lib/python3.8/site-packages/django/core/checks/security/sessions.py first seen with mtime 1747033758.1390307
File /home/tw/.env/fbenv/lib/python3.8/site-packages/django/db/models/fields/json.py first seen with mtime 1747033758.1750312
File /home/tw/.env/fbenv/lib/python3.8/site-packages/django/forms/widgets.py first seen with mtime 1747033758.183031
File /home/tw/.env/fbenv/lib/python3.8/site-packages/django/contrib/sessions/backends/base.py first seen with mtime 1747033758.06703
File /usr/lib/python3.8/email/_header_value_parser.py first seen with mtime 1742328295.0
File /home/tw/.env/fbenv/lib/python3.8/site-packages/django/db/migrations/migration.py first seen with mtime 1747033758.167031
File /usr/lib/python3.8/configparser.py first seen with mtime 1742328295.0
File /usr/lib/python3.8/heapq.py first seen with mtime 1742328295.0
File /home/tw/.env/fbenv/lib/python3.8/site-packages/django/core/files/move.py first seen with mtime 1747033758.143031
File /home/tw/.env/fbenv/lib/python3.8/site-packages/stripe/billing/_credit_balance_transaction_service.py first seen with mtime 1750922339.650004
File /usr/lib/python3.8/bz2.py first seen with mtime 1742328295.0
File /home/tw/.env/fbenv/lib/python3.8/site-packages/django/test/client.py first seen with mtime 1747033758.2030313
File /home/tw/.env/fbenv/lib/python3.8/site-packages/rest_framework_simplejwt/utils.py first seen with mtime 1748864876.2747958
File /home/tw/.env/fbenv/lib/python3.8/site-packages/django/core/checks/__init__.py first seen with mtime 1747033758.1390307
File /home/tw/.env/fbenv/lib/python3.8/site-packages/cryptography/__about__.py first seen with mtime 1750749385.4849586
File /home/tw/.env/fbenv/lib/python3.8/site-packages/oauthlib/oauth2/rfc6749/clients/base.py first seen with mtime 1750760834.3769298
File /home/tw/.env/fbenv/lib/python3.8/site-packages/stripe/billing/_meter_service.py first seen with mtime 1750922339.650004
File /home/tw/.env/fbenv/lib/python3.8/site-packages/allauth/socialaccount/providers/oauth/__init__.py first seen with mtime 1750680940.9968271
File /home/tw/.env/fbenv/lib/python3.8/site-packages/cryptography/hazmat/primitives/_asymmetric.py first seen with mtime 1750749385.5729592
File /home/tw/.env/fbenv/lib/python3.8/site-packages/celery/app/annotations.py first seen with mtime 1750154773.9195576
File /usr/lib/python3.8/unittest/runner.py first seen with mtime 1742328295.0
File /home/tw/.env/fbenv/lib/python3.8/site-packages/django/db/backends/base/operations.py first seen with mtime 1747033758.155031
File /home/tw/.env/fbenv/lib/python3.8/site-packages/asgiref/local.py first seen with mtime 1747033757.4710243
File /home/tw/.env/fbenv/lib/python3.8/site-packages/django/core/checks/registry.py first seen with mtime 1747033758.1390307
File /home/tw/.env/fbenv/lib/python3.8/site-packages/sentry_sdk/ai/utils.py first seen with mtime 1749449165.109964
File /usr/lib/python3.8/genericpath.py first seen with mtime 1742328295.0
File /usr/lib/python3.8/lzma.py first seen with mtime 1742328295.0
File /home/tw/.env/fbenv/lib/python3.8/site-packages/stripe/_v2_services.py first seen with mtime 1750922339.6180036
File /home/tw/.env/fbenv/lib/python3.8/site-packages/psycopg2/_psycopg.cpython-38-x86_64-linux-gnu.so first seen with mtime 1747034246.770805
File /home/tw/.env/fbenv/lib/python3.8/site-packages/django/test/testcases.py first seen with mtime 1747033758.2030313
File /home/tw/.env/fbenv/lib/python3.8/site-packages/oauthlib/oauth1/rfc5849/endpoints/signature_only.py first seen with mtime 1750760834.3729296
File /home/tw/.env/fbenv/lib/python3.8/site-packages/django/contrib/staticfiles/finders.py first seen with mtime 1747033758.1350307
File /home/tw/.env/fbenv/lib/python3.8/site-packages/cryptography/hazmat/primitives/serialization/ssh.py first seen with mtime 1750749385.5769594
File /home/tw/.env/fbenv/lib/python3.8/site-packages/django/core/files/uploadedfile.py first seen with mtime 1747033758.143031
File /home/tw/.env/fbenv/lib/python3.8/site-packages/sentry_sdk/session.py first seen with mtime 1749449165.105964
File /home/tw/.env/fbenv/lib/python3.8/site-packages/kombu/entity.py first seen with mtime 1750154773.2635658
File /home/tw/.env/fbenv/lib/python3.8/site-packages/yaml/constructor.py first seen with mtime 1750665969.8391812
File /usr/lib/python3.8/email/mime/base.py first seen with mtime 1742328295.0
File /home/tw/.env/fbenv/lib/python3.8/site-packages/stripe/issuing/__init__.py first seen with mtime 1750922339.666004
File /home/tw/.env/fbenv/lib/python3.8/site-packages/celery/worker/worker.py first seen with mtime 1750154773.9435575
File /home/tw/.env/fbenv/lib/python3.8/site-packages/django/contrib/sessions/base_session.py first seen with mtime 1747033758.06303
File /home/tw/.env/fbenv/lib/python3.8/site-packages/stripe/treasury/_debit_reversal_service.py first seen with mtime 1750922339.6860042
File /home/tw/.env/fbenv/lib/python3.8/site-packages/cryptography/hazmat/primitives/asymmetric/ed448.py first seen with mtime 1750749385.5729592
File /home/tw/.env/fbenv/lib/python3.8/site-packages/click/__init__.py first seen with mtime 1750154773.487563
File /home/tw/.env/fbenv/lib/python3.8/site-packages/celery/utils/quorum_queues.py first seen with mtime 1750154773.9395576
File /usr/lib/python3.8/concurrent/futures/__init__.py first seen with mtime 1742328295.0
File /home/tw/.env/fbenv/lib/python3.8/site-packages/allauth/socialaccount/helpers.py first seen with mtime 1750680940.9328256
File /home/tw/.env/fbenv/lib/python3.8/site-packages/stripe/terminal/_location.py first seen with mtime 1750922339.678004
File /home/tw/.env/fbenv/lib/python3.8/site-packages/kombu/utils/compat.py first seen with mtime 1750154773.2755656
File /home/tw/.env/fbenv/lib/python3.8/site-packages/stripe/v2/core/__init__.py first seen with mtime 1750922339.690004
File /home/tw/.env/fbenv/lib/python3.8/site-packages/rest_framework/authtoken/models.py first seen with mtime 1748496192.8470836
File /usr/lib/python3.8/asyncio/staggered.py first seen with mtime 1742328295.0
File /home/tw/.env/fbenv/lib/python3.8/site-packages/rest_framework/utils/json.py first seen with mtime 1748496192.8950837
File /home/tw/.env/fbenv/lib/python3.8/site-packages/oauthlib/oauth1/rfc5849/__init__.py first seen with mtime 1750760834.3729296
File /home/tw/.env/fbenv/lib/python3.8/site-packages/django/core/checks/model_checks.py first seen with mtime 1747033758.1390307
File /home/tw/.env/fbenv/lib/python3.8/site-packages/stripe/issuing/_dispute.py first seen with mtime 1750922339.666004
File /home/tw/.env/fbenv/lib/python3.8/site-packages/redis/_parsers/helpers.py first seen with mtime 1750154756.2637725
File /home/tw/.env/fbenv/lib/python3.8/site-packages/django/contrib/admin/migrations/__init__.py first seen with mtime 1747033757.7150266
File /home/tw/.env/fbenv/lib/python3.8/site-packages/vine/promises.py first seen with mtime 1750154773.1755667
File /usr/lib/python3.8/email/message.py first seen with mtime 1742328295.0
File /home/tw/.env/fbenv/lib/python3.8/site-packages/django/contrib/postgres/fields/utils.py first seen with mtime 1747033758.0070295
File /home/tw/.env/fbenv/lib/python3.8/site-packages/django/db/migrations/operations/special.py first seen with mtime 1747033758.167031
File /home/tw/.env/fbenv/lib/python3.8/site-packages/PIL/__init__.py first seen with mtime 1747034329.0273166
File /home/tw/.env/fbenv/lib/python3.8/site-packages/allauth/socialaccount/models.py first seen with mtime 1750680940.9328256
File /home/tw/.env/fbenv/lib/python3.8/site-packages/django/db/models/sql/datastructures.py first seen with mtime 1747033758.1790311
File /home/tw/.env/fbenv/lib/python3.8/site-packages/stripe/apps/__init__.py first seen with mtime 1750922339.646004
File /home/tw/.env/fbenv/lib/python3.8/site-packages/redis/exceptions.py first seen with mtime 1750154756.2637725
File /usr/lib/python3.8/selectors.py first seen with mtime 1742328295.0
File /home/tw/.env/fbenv/lib/python3.8/site-packages/django/db/models/sql/subqueries.py first seen with mtime 1747033758.1790311
File /home/tw/fbclone/facebookclone/facebookclone/__init__.py first seen with mtime 1750155340.1414762
File /home/tw/.env/fbenv/lib/python3.8/site-packages/stripe/_customer.py first seen with mtime 1750922339.5740035
File /home/tw/.env/fbenv/lib/python3.8/site-packages/stripe/_api_version.py first seen with mtime 1750922339.5660033
File /home/tw/.env/fbenv/lib/python3.8/site-packages/allauth/account/internal/flows/login_by_code.py first seen with mtime 1750680940.8448238
File /home/tw/.env/fbenv/lib/python3.8/site-packages/django/core/checks/compatibility/__init__.py first seen with mtime 1747033758.1390307
File /home/tw/.env/fbenv/lib/python3.8/site-packages/rest_framework/templatetags/rest_framework.py first seen with mtime 1748496192.8950837
File /home/tw/.env/fbenv/lib/python3.8/site-packages/django/template/backends/__init__.py first seen with mtime 1747033758.1990314
File /home/tw/.env/fbenv/lib/python3.8/site-packages/oauthlib/oauth2/rfc6749/grant_types/__init__.py first seen with mtime 1750760834.3809297
File /home/tw/.env/fbenv/lib/python3.8/site-packages/celery/__init__.py first seen with mtime 1750154773.9155576
File /home/tw/.env/fbenv/lib/python3.8/site-packages/allauth/account/views.py first seen with mtime 1750680940.8448238
File /home/tw/.env/fbenv/lib/python3.8/site-packages/urllib3/_request_methods.py first seen with mtime 1749449165.0179632
File /home/tw/.env/fbenv/lib/python3.8/site-packages/django/template/context.py first seen with mtime 1747033758.1990314
File /home/tw/.env/fbenv/lib/python3.8/site-packages/stripe/_coupon.py first seen with mtime 1750922339.5700033
File /home/tw/.env/fbenv/lib/python3.8/site-packages/stripe/oauth_error.py first seen with mtime 1750922339.6180036
File /home/tw/.env/fbenv/lib/python3.8/site-packages/django/core/serializers/json.py first seen with mtime 1747033758.1510308
File /home/tw/.env/fbenv/lib/python3.8/site-packages/django/db/migrations/state.py first seen with mtime 1747033758.167031
File /home/tw/.env/fbenv/lib/python3.8/site-packages/django/contrib/messages/apps.py first seen with mtime 1747033757.9990294
File /usr/lib/python3.8/bisect.py first seen with mtime 1742328295.0
File /home/tw/.env/fbenv/lib/python3.8/site-packages/django/dispatch/dispatcher.py first seen with mtime 1747033758.1790311
File /home/tw/.env/fbenv/lib/python3.8/site-packages/django/contrib/admin/views/decorators.py first seen with mtime 1747033757.751027
File /usr/lib/python3.8/asyncio/runners.py first seen with mtime 1742328295.0
File /home/tw/.env/fbenv/lib/python3.8/site-packages/django/contrib/messages/utils.py first seen with mtime 1747033758.0030293
File /home/tw/.env/fbenv/lib/python3.8/site-packages/django/db/migrations/operations/__init__.py first seen with mtime 1747033758.167031
File /home/tw/.env/fbenv/lib/python3.8/site-packages/stripe/treasury/_credit_reversal.py first seen with mtime 1750922339.6820042
File /home/tw/.env/fbenv/lib/python3.8/site-packages/django/contrib/sites/apps.py first seen with mtime 1747033758.0990303
File /home/tw/.env/fbenv/lib/python3.8/site-packages/stripe/_listable_api_resource.py first seen with mtime 1750922339.5860035
File /home/tw/.env/fbenv/lib/python3.8/site-packages/urllib3/response.py first seen with mtime 1749449165.0179632
File /home/tw/.env/fbenv/lib/python3.8/site-packages/django/contrib/staticfiles/__init__.py first seen with mtime 1747033758.1310306
File /home/tw/.env/fbenv/lib/python3.8/site-packages/charset_normalizer/md.cpython-38-x86_64-linux-gnu.so first seen with mtime 1750682004.3124065
File /home/tw/.env/fbenv/lib/python3.8/site-packages/stripe/test_helpers/treasury/__init__.py first seen with mtime 1750922339.6820042
File /home/tw/.env/fbenv/lib/python3.8/site-packages/allauth/socialaccount/providers/oauth/urls.py first seen with mtime 1750680940.9968271
File /home/tw/.env/fbenv/lib/python3.8/site-packages/PIL/_typing.py first seen with mtime 1747034328.9913163
File /home/tw/.env/fbenv/lib/python3.8/site-packages/django/db/utils.py first seen with mtime 1747033758.155031
File /home/tw/.env/fbenv/lib/python3.8/site-packages/kombu/utils/uuid.py first seen with mtime 1750154773.2755656
File /home/tw/.env/fbenv/lib/python3.8/site-packages/allauth/templatetags/allauth.py first seen with mtime 1750680941.0688286
File /home/tw/.env/fbenv/lib/python3.8/site-packages/allauth/socialaccount/providers/base/views.py first seen with mtime 1750680940.944826
File /home/tw/.env/fbenv/lib/python3.8/site-packages/django/contrib/admin/migrations/0003_logentry_add_action_flag_choices.py first seen with mtime 1747033757.7150266
File /home/tw/.env/fbenv/lib/python3.8/site-packages/celery/app/trace.py first seen with mtime 1750154773.9235575
File /home/tw/.env/fbenv/lib/python3.8/site-packages/dateutil/relativedelta.py first seen with mtime 1749639178.88189
File /home/tw/.env/fbenv/lib/python3.8/site-packages/sentry_sdk/integrations/django/__init__.py first seen with mtime 1749449165.121964
File /home/tw/.env/fbenv/lib/python3.8/site-packages/urllib3/util/proxy.py first seen with mtime 1749449165.0219631
File /home/tw/.env/fbenv/lib/python3.8/site-packages/django/contrib/auth/views.py first seen with mtime 1747033757.7950275
File /home/tw/.env/fbenv/lib/python3.8/site-packages/django/utils/topological_sort.py first seen with mtime 1747033758.2110314
File /home/tw/.env/fbenv/lib/python3.8/site-packages/jwt/jwk_set_cache.py first seen with mtime 1748864876.2507958
File /home/tw/.env/fbenv/lib/python3.8/site-packages/django/core/wsgi.py first seen with mtime 1747033758.1350307
File /home/tw/.env/fbenv/lib/python3.8/site-packages/vine/abstract.py first seen with mtime 1750154773.1755667
File /home/tw/.env/fbenv/lib/python3.8/site-packages/stripe/v2/billing/_meter_event_stream_service.py first seen with mtime 1750922339.690004
File /usr/lib/python3.8/unittest/result.py first seen with mtime 1742328295.0
File /home/tw/.env/fbenv/lib/python3.8/site-packages/sentry_sdk/profiler/transaction_profiler.py first seen with mtime 1749449165.129964
File /home/tw/.env/fbenv/lib/python3.8/site-packages/sentry_sdk/integrations/argv.py first seen with mtime 1749449165.1139638
File /home/tw/.env/fbenv/lib/python3.8/site-packages/django/apps/config.py first seen with mtime 1747033757.535025
File /usr/lib/python3.8/types.py first seen with mtime 1742328295.0
File /home/tw/.env/fbenv/lib/python3.8/site-packages/django/contrib/admin/filters.py first seen with mtime 1747033757.623026
File /home/tw/.env/fbenv/lib/python3.8/site-packages/redis/utils.py first seen with mtime 1750154756.2637725
File /home/tw/.env/fbenv/lib/python3.8/site-packages/oauthlib/openid/connect/__init__.py first seen with mtime 1750760834.38493
File /home/tw/.env/fbenv/lib/python3.8/site-packages/stripe/issuing/_physical_bundle_service.py first seen with mtime 1750922339.6700041
File /usr/lib/python3.8/concurrent/__init__.py first seen with mtime 1742328295.0
File /usr/lib/python3.8/operator.py first seen with mtime 1742328295.0
File /home/tw/.env/fbenv/lib/python3.8/site-packages/stripe/forwarding/__init__.py first seen with mtime 1750922339.662004
File /home/tw/.env/fbenv/lib/python3.8/site-packages/stripe/forwarding/_request.py first seen with mtime 1750922339.662004
File /home/tw/.env/fbenv/lib/python3.8/site-packages/stripe/_account_service.py first seen with mtime 1750922339.5620034
File /home/tw/.env/fbenv/lib/python3.8/site-packages/django/db/models/fields/reverse_related.py first seen with mtime 1747033758.1750312
File /home/tw/.env/fbenv/lib/python3.8/site-packages/django/contrib/auth/hashers.py first seen with mtime 1747033757.7910273
File /home/tw/.env/fbenv/lib/python3.8/site-packages/stripe/_updateable_api_resource.py first seen with mtime 1750922339.6180036
File /home/tw/.env/fbenv/lib/python3.8/site-packages/stripe/_stripe_response.py first seen with mtime 1750922339.6100037
File /home/tw/.env/fbenv/lib/python3.8/site-packages/stripe/_issuing_service.py first seen with mtime 1750922339.5860035
File /usr/lib/python3.8/email/mime/text.py first seen with mtime 1742328295.0
File /home/tw/.env/fbenv/lib/python3.8/site-packages/rest_framework/urlpatterns.py first seen with mtime 1748496192.8470836
File /home/tw/.env/fbenv/lib/python3.8/site-packages/charset_normalizer/__init__.py first seen with mtime 1750682004.3124065
File /home/tw/.env/fbenv/lib/python3.8/site-packages/stripe/v2/_event.py first seen with mtime 1750922339.690004
File /home/tw/.env/fbenv/lib/python3.8/site-packages/click/exceptions.py first seen with mtime 1750154773.4915628
File /home/tw/.env/fbenv/lib/python3.8/site-packages/stripe/_reserve_transaction.py first seen with mtime 1750922339.6020036
File /home/tw/.env/fbenv/lib/python3.8/site-packages/django/db/models/functions/datetime.py first seen with mtime 1747033758.1750312
File /home/tw/.env/fbenv/lib/python3.8/site-packages/stripe/test_helpers/_treasury_service.py first seen with mtime 1750922339.6820042
File /home/tw/.env/fbenv/lib/python3.8/site-packages/django/utils/numberformat.py first seen with mtime 1747033758.2110314
File /home/tw/.env/fbenv/lib/python3.8/site-packages/stripe/v2/_list_object.py first seen with mtime 1750922339.690004
File /home/tw/.env/fbenv/lib/python3.8/site-packages/oauthlib/openid/connect/core/grant_types/authorization_code.py first seen with mtime 1750760834.38493
File /home/tw/.env/fbenv/lib/python3.8/site-packages/celery/loaders/base.py first seen with mtime 1750154773.9355576
File /home/tw/.env/fbenv/lib/python3.8/site-packages/allauth/socialaccount/internal/flows/login.py first seen with mtime 1750680940.9328256
File /home/tw/.env/fbenv/lib/python3.8/site-packages/sqlparse/filters/tokens.py first seen with mtime 1747033757.4110239
File /home/tw/.env/fbenv/lib/python3.8/site-packages/sentry_sdk/hub.py first seen with mtime 1749449165.105964
File /home/tw/.env/fbenv/lib/python3.8/site-packages/oauthlib/oauth2/rfc8628/errors.py first seen with mtime 1750760834.3809297
File /home/tw/.env/fbenv/lib/python3.8/site-packages/stripe/test_helpers/_confirmation_token_service.py first seen with mtime 1750922339.678004
File /home/tw/.env/fbenv/lib/python3.8/site-packages/billiard/einfo.py first seen with mtime 1750154773.4155638
File /home/tw/.env/fbenv/lib/python3.8/site-packages/stripe/treasury/_transaction_service.py first seen with mtime 1750922339.690004
File /home/tw/.env/fbenv/lib/python3.8/site-packages/django/db/models/functions/comparison.py first seen with mtime 1747033758.1750312
File /home/tw/.env/fbenv/lib/python3.8/site-packages/drf_yasg/codecs.py first seen with mtime 1750665969.9111805
File /home/tw/.env/fbenv/lib/python3.8/site-packages/django/dispatch/__init__.py first seen with mtime 1747033758.1790311
File /home/tw/.env/fbenv/lib/python3.8/site-packages/django/db/models/query.py first seen with mtime 1747033758.171031
File /home/tw/.env/fbenv/lib/python3.8/site-packages/urllib3/util/url.py first seen with mtime 1749449165.025963
File /home/tw/.env/fbenv/lib/python3.8/site-packages/django/core/handlers/__init__.py first seen with mtime 1747033758.143031
File /home/tw/.env/fbenv/lib/python3.8/site-packages/stripe/financial_connections/_transaction_service.py first seen with mtime 1750922339.662004
File /home/tw/.env/fbenv/lib/python3.8/site-packages/django/conf/urls/static.py first seen with mtime 1747033757.623026
File /home/tw/.env/fbenv/lib/python3.8/site-packages/django/core/__init__.py first seen with mtime 1747033758.1350307
File /home/tw/.env/fbenv/lib/python3.8/site-packages/stripe/_subscription_schedule_service.py first seen with mtime 1750922339.6100037
File /home/tw/.env/fbenv/lib/python3.8/site-packages/stripe/tax/_calculation.py first seen with mtime 1750922339.674004
File /home/tw/.env/fbenv/lib/python3.8/site-packages/stripe/_application_fee_refund_service.py first seen with mtime 1750922339.5660033
File /home/tw/.env/fbenv/lib/python3.8/site-packages/cryptography/hazmat/primitives/__init__.py first seen with mtime 1750749385.5729592
File /home/tw/.env/fbenv/lib/python3.8/site-packages/oauthlib/oauth2/rfc6749/errors.py first seen with mtime 1750760834.3769298
File /home/tw/.env/fbenv/lib/python3.8/site-packages/psycopg2/extras.py first seen with mtime 1747034246.770805
File /home/tw/.env/fbenv/lib/python3.8/site-packages/oauthlib/openid/connect/core/endpoints/userinfo.py first seen with mtime 1750760834.38493
File /home/tw/.env/fbenv/lib/python3.8/site-packages/oauthlib/oauth2/rfc8628/endpoints/device_authorization.py first seen with mtime 1750760834.3809297
File /home/tw/.env/fbenv/lib/python3.8/site-packages/rest_framework/permissions.py first seen with mtime 1748496192.8430836
File /home/tw/.env/fbenv/lib/python3.8/site-packages/django/db/backends/__init__.py first seen with mtime 1747033758.155031
File /home/tw/.env/fbenv/lib/python3.8/site-packages/django/utils/log.py first seen with mtime 1747033758.2110314
File /home/tw/.env/fbenv/lib/python3.8/site-packages/rest_framework/schemas/inspectors.py first seen with mtime 1748496192.8670835
File /home/tw/.env/fbenv/lib/python3.8/site-packages/oauthlib/oauth2/rfc8628/clients/__init__.py first seen with mtime 1750760834.3809297
File /home/tw/.env/fbenv/lib/python3.8/site-packages/django/core/checks/security/__init__.py first seen with mtime 1747033758.1390307
File /home/tw/.env/fbenv/lib/python3.8/site-packages/kombu/utils/url.py first seen with mtime 1750154773.2755656
File /home/tw/.env/fbenv/lib/python3.8/site-packages/sentry_sdk/utils.py first seen with mtime 1749449165.109964
File /home/tw/.env/fbenv/lib/python3.8/site-packages/cffi/lock.py first seen with mtime 1750749385.4289584
File /home/tw/.env/fbenv/lib/python3.8/site-packages/billiard/compat.py first seen with mtime 1750154773.4155638
File /home/tw/.env/fbenv/lib/python3.8/site-packages/allauth/core/context.py first seen with mtime 1750680940.856824
File /home/tw/.env/fbenv/lib/python3.8/site-packages/django/template/response.py first seen with mtime 1747033758.1990314
File /home/tw/.env/fbenv/lib/python3.8/site-packages/django/views/decorators/csrf.py first seen with mtime 1747033758.2150314
File /home/tw/.env/fbenv/lib/python3.8/site-packages/amqp/method_framing.py first seen with mtime 1750154773.1875665
File /home/tw/.env/fbenv/lib/python3.8/site-packages/stripe/_http_client.py first seen with mtime 1750922339.5820034
File /home/tw/.env/fbenv/lib/python3.8/site-packages/urllib3/util/connection.py first seen with mtime 1749449165.0219631
File /home/tw/.env/fbenv/lib/python3.8/site-packages/oauthlib/openid/connect/core/tokens.py first seen with mtime 1750760834.38493
File /home/tw/.env/fbenv/lib/python3.8/site-packages/stripe/identity/_verification_report_service.py first seen with mtime 1750922339.662004
File /home/tw/.env/fbenv/lib/python3.8/site-packages/stripe/_transfer_service.py first seen with mtime 1750922339.6180036
File /home/tw/.env/fbenv/lib/python3.8/site-packages/allauth/account/internal/userkit.py first seen with mtime 1750680940.8448238
File /home/tw/.env/fbenv/lib/python3.8/site-packages/cryptography/hazmat/decrepit/ciphers/__init__.py first seen with mtime 1750749385.5689592
File /home/tw/.env/fbenv/lib/python3.8/site-packages/drf_yasg/inspectors/query.py first seen with mtime 1750665969.9111805
File /home/tw/.env/fbenv/lib/python3.8/site-packages/redis/_parsers/resp2.py first seen with mtime 1750154756.2637725
File /home/tw/.env/fbenv/lib/python3.8/site-packages/django/templatetags/__init__.py first seen with mtime 1747033758.2030313
File /home/tw/.env/fbenv/lib/python3.8/site-packages/stripe/_stripe_service.py first seen with mtime 1750922339.6100037
File /home/tw/.env/fbenv/lib/python3.8/site-packages/billiard/util.py first seen with mtime 1750154773.4195638
File /home/tw/.env/fbenv/lib/python3.8/site-packages/django/utils/version.py first seen with mtime 1747033758.2150314
File /home/tw/.env/fbenv/lib/python3.8/site-packages/sentry_sdk/envelope.py first seen with mtime 1749449165.105964
File /usr/lib/python3.8/json/__init__.py first seen with mtime 1742328295.0
File /home/tw/.env/fbenv/lib/python3.8/site-packages/sentry_sdk/integrations/redis/modules/__init__.py first seen with mtime 1749449165.125964
File /home/tw/.env/fbenv/lib/python3.8/site-packages/django/urls/conf.py first seen with mtime 1747033758.2070315
File /usr/lib/python3.8/lib-dynload/_hashlib.cpython-38-x86_64-linux-gnu.so first seen with mtime 1742328295.0
File /usr/lib/python3.8/traceback.py first seen with mtime 1742328295.0
File /home/tw/.env/fbenv/lib/python3.8/site-packages/urllib3/util/timeout.py first seen with mtime 1749449165.0219631
File /home/tw/.env/fbenv/lib/python3.8/site-packages/django/contrib/contenttypes/checks.py first seen with mtime 1747033757.839028
File /home/tw/.env/fbenv/lib/python3.8/site-packages/redis/credentials.py first seen with mtime 1750154756.2637725
File /home/tw/.env/fbenv/lib/python3.8/site-packages/sentry_sdk/tracing_utils.py first seen with mtime 1749449165.109964
File /home/tw/.env/fbenv/lib/python3.8/site-packages/django/views/i18n.py first seen with mtime 1747033758.2150314
File /home/tw/.env/fbenv/lib/python3.8/site-packages/celery/loaders/app.py first seen with mtime 1750154773.9355576
File /usr/lib/python3.8/hmac.py first seen with mtime 1742328295.0
File /usr/lib/python3.8/xml/__init__.py first seen with mtime 1742328295.0
File /usr/lib/python3.8/asyncio/base_tasks.py first seen with mtime 1742328295.0
File /usr/lib/python3.8/urllib/parse.py first seen with mtime 1742328295.0
File /home/tw/.env/fbenv/lib/python3.8/site-packages/urllib3/contrib/__init__.py first seen with mtime 1749449165.0179632
File /home/tw/.env/fbenv/lib/python3.8/site-packages/django/contrib/sites/admin.py first seen with mtime 1747033758.0990303
File /home/tw/.env/fbenv/lib/python3.8/site-packages/sentry_sdk/monitor.py first seen with mtime 1749449165.105964
File /home/tw/.env/fbenv/lib/python3.8/site-packages/dateutil/tz/__init__.py first seen with mtime 1749639178.88189
File /home/tw/.env/fbenv/lib/python3.8/site-packages/django/db/models/__init__.py first seen with mtime 1747033758.167031
File /home/tw/.env/fbenv/lib/python3.8/site-packages/django/utils/cache.py first seen with mtime 1747033758.2070315
File /home/tw/.env/fbenv/lib/python3.8/site-packages/stripe/billing/_credit_balance_summary.py first seen with mtime 1750922339.650004
File /home/tw/.env/fbenv/lib/python3.8/site-packages/stripe/_payment_link.py first seen with mtime 1750922339.5940034
File /home/tw/.env/fbenv/lib/python3.8/site-packages/stripe/billing/_credit_balance_transaction.py first seen with mtime 1750922339.650004
File /home/tw/.env/fbenv/lib/python3.8/site-packages/allauth/socialaccount/providers/base/constants.py first seen with mtime 1750680940.944826
File /home/tw/.env/fbenv/lib/python3.8/site-packages/stripe/_tax_id_service.py first seen with mtime 1750922339.6140037
File /home/tw/.env/fbenv/lib/python3.8/site-packages/amqp/basic_message.py first seen with mtime 1750154773.1835666
File /home/tw/.env/fbenv/lib/python3.8/site-packages/stripe/v2/_event_destination.py first seen with mtime 1750922339.690004
File /home/tw/.env/fbenv/lib/python3.8/site-packages/django/db/models/deletion.py first seen with mtime 1747033758.171031
File /home/tw/.env/fbenv/lib/python3.8/site-packages/celery/worker/state.py first seen with mtime 1750154773.9435575
File /home/tw/.env/fbenv/lib/python3.8/site-packages/celery/app/task.py first seen with mtime 1750154773.9235575
File /home/tw/.env/fbenv/lib/python3.8/site-packages/urllib3/util/retry.py first seen with mtime 1749449165.0219631
File /home/tw/.env/fbenv/lib/python3.8/site-packages/stripe/_quote.py first seen with mtime 1750922339.6020036
File /home/tw/.env/fbenv/lib/python3.8/site-packages/sentry_sdk/integrations/threading.py first seen with mtime 1749449165.121964
File /home/tw/.env/fbenv/lib/python3.8/site-packages/stripe/_invoice_service.py first seen with mtime 1750922339.5860035
File /home/tw/.env/fbenv/lib/python3.8/site-packages/stripe/_balance_transaction.py first seen with mtime 1750922339.5660033
File /usr/lib/python3.8/copy.py first seen with mtime 1742328295.0
File /usr/lib/python3.8/email/_policybase.py first seen with mtime 1742328295.0
File /home/tw/.env/fbenv/lib/python3.8/site-packages/stripe/_file_link.py first seen with mtime 1750922339.5780034
File /usr/lib/python3.8/multiprocessing/context.py first seen with mtime 1742328295.0
File /home/tw/.env/fbenv/lib/python3.8/site-packages/django/core/servers/basehttp.py first seen with mtime 1747033758.1510308
File /home/tw/.env/fbenv/lib/python3.8/site-packages/stripe/billing_portal/_session.py first seen with mtime 1750922339.6540039
File /home/tw/.env/fbenv/lib/python3.8/site-packages/backports/__init__.py first seen with mtime 1747033757.3910236
File /home/tw/.env/fbenv/lib/python3.8/site-packages/stripe/_file_link_service.py first seen with mtime 1750922339.5780034
File /home/tw/.env/fbenv/lib/python3.8/site-packages/django/utils/http.py first seen with mtime 1747033758.2110314
File /home/tw/.env/fbenv/lib/python3.8/site-packages/django/db/models/functions/math.py first seen with mtime 1747033758.1750312
File /home/tw/.env/fbenv/lib/python3.8/site-packages/django/utils/text.py first seen with mtime 1747033758.2110314
File /usr/lib/python3.8/xml/dom/NodeFilter.py first seen with mtime 1742328295.0
File /home/tw/.env/fbenv/lib/python3.8/site-packages/stripe/test_helpers/treasury/_outbound_payment_service.py first seen with mtime 1750922339.6820042
File /home/tw/.env/fbenv/lib/python3.8/site-packages/stripe/billing/_credit_balance_summary_service.py first seen with mtime 1750922339.650004
File /home/tw/.env/fbenv/lib/python3.8/site-packages/django/contrib/contenttypes/apps.py first seen with mtime 1747033757.839028
File /home/tw/.env/fbenv/lib/python3.8/site-packages/stripe/_credit_note.py first seen with mtime 1750922339.5700033
File /home/tw/.env/fbenv/lib/python3.8/site-packages/billiard/_ext.py first seen with mtime 1750154773.4155638
File /home/tw/.env/fbenv/lib/python3.8/site-packages/django/db/models/aggregates.py first seen with mtime 1747033758.167031
File /home/tw/.env/fbenv/lib/python3.8/site-packages/django/template/loaders/base.py first seen with mtime 1747033758.1990314
File /home/tw/.env/fbenv/lib/python3.8/site-packages/django/db/models/fields/related_lookups.py first seen with mtime 1747033758.1750312
File /usr/lib/python3.8/html/parser.py first seen with mtime 1742328295.0
File /home/tw/.env/fbenv/lib/python3.8/site-packages/drf_yasg/inspectors/__init__.py first seen with mtime 1750665969.9111805
File /usr/lib/python3.8/site.py first seen with mtime 1742328295.0
File /home/tw/.env/fbenv/lib/python3.8/site-packages/stripe/_charge.py first seen with mtime 1750922339.5700033
File /home/tw/.env/fbenv/lib/python3.8/site-packages/sentry_sdk/profiler/continuous_profiler.py first seen with mtime 1749449165.129964
File /home/tw/.env/fbenv/lib/python3.8/site-packages/stripe/radar/__init__.py first seen with mtime 1750922339.6700041
File /home/tw/.env/fbenv/lib/python3.8/site-packages/rest_framework/utils/serializer_helpers.py first seen with mtime 1748496192.8950837
File /home/tw/.env/fbenv/lib/python3.8/site-packages/stripe/_account_link.py first seen with mtime 1750922339.5620034
File /home/tw/.env/fbenv/lib/python3.8/site-packages/kombu/serialization.py first seen with mtime 1750154773.2635658
File /home/tw/.env/fbenv/lib/python3.8/site-packages/rest_framework/parsers.py first seen with mtime 1748496192.8430836
File /home/tw/.env/fbenv/lib/python3.8/site-packages/uritemplate/orderedset.py first seen with mtime 1750665969.8231814
File /usr/lib/python3.8/dbm/ndbm.py first seen with mtime 1742328295.0
File /home/tw/.env/fbenv/lib/python3.8/site-packages/cryptography/hazmat/primitives/asymmetric/x25519.py first seen with mtime 1750749385.5769594
File /home/tw/.env/fbenv/lib/python3.8/site-packages/stripe/terminal/_location_service.py first seen with mtime 1750922339.678004
File /home/tw/.env/fbenv/lib/python3.8/site-packages/stripe/_payment_method_service.py first seen with mtime 1750922339.5980036
File /home/tw/.env/fbenv/lib/python3.8/site-packages/yaml/cyaml.py first seen with mtime 1750665969.8391812
File /home/tw/.env/fbenv/lib/python3.8/site-packages/celery/canvas.py first seen with mtime 1750154773.9195576
File /home/tw/.env/fbenv/lib/python3.8/site-packages/django/core/management/color.py first seen with mtime 1747033758.1470308
File /home/tw/.env/fbenv/lib/python3.8/site-packages/django/core/exceptions.py first seen with mtime 1747033758.1350307
File /home/tw/.env/fbenv/lib/python3.8/site-packages/stripe/_country_spec_service.py first seen with mtime 1750922339.5700033
File /home/tw/.env/fbenv/lib/python3.8/site-packages/oauthlib/oauth2/rfc6749/grant_types/refresh_token.py first seen with mtime 1750760834.3809297
File /home/tw/.env/fbenv/lib/python3.8/site-packages/dateutil/_common.py first seen with mtime 1749639178.87789
File /home/tw/.env/fbenv/lib/python3.8/site-packages/stripe/_verify_mixin.py first seen with mtime 1750922339.6180036
File /home/tw/.env/fbenv/lib/python3.8/site-packages/django/contrib/postgres/lookups.py first seen with mtime 1747033758.0030293
File /home/tw/.env/fbenv/lib/python3.8/site-packages/rest_framework/utils/html.py first seen with mtime 1748496192.8950837
File /usr/lib/python3.8/asyncio/base_events.py first seen with mtime 1742328295.0
File /home/tw/.env/fbenv/lib/python3.8/site-packages/stripe/app_info.py first seen with mtime 1750922339.6180036
File /home/tw/.env/fbenv/lib/python3.8/site-packages/stripe/treasury/_outbound_transfer.py first seen with mtime 1750922339.6860042
File /home/tw/.env/fbenv/lib/python3.8/site-packages/stripe/tax/_calculation_line_item_service.py first seen with mtime 1750922339.674004
File /home/tw/.env/fbenv/lib/python3.8/site-packages/redis/lock.py first seen with mtime 1750154756.2637725
File /home/tw/.env/fbenv/lib/python3.8/site-packages/sqlparse/__init__.py first seen with mtime 1747033757.4070237
File /home/tw/.env/fbenv/lib/python3.8/site-packages/django/core/management/commands/__init__.py first seen with mtime 1747033758.1470308
File /home/tw/.env/fbenv/lib/python3.8/site-packages/sentry_sdk/integrations/redis/__init__.py first seen with mtime 1749449165.125964
File /home/tw/.env/fbenv/lib/python3.8/site-packages/redis/_parsers/hiredis.py first seen with mtime 1750154756.2637725
File /home/tw/.env/fbenv/lib/python3.8/site-packages/asgiref/sync.py first seen with mtime 1747033757.4710243
File /home/tw/.env/fbenv/lib/python3.8/site-packages/allauth/account/internal/decorators.py first seen with mtime 1750680940.8448238
File /home/tw/.env/fbenv/lib/python3.8/site-packages/allauth/templates/socialaccount first seen with mtime 1750680941.0688286
File /home/tw/.env/fbenv/lib/python3.8/site-packages/allauth/templates/usersessions first seen with mtime 1750680941.0688286
File /home/tw/.env/fbenv/lib/python3.8/site-packages/allauth/templates/mfa first seen with mtime 1750680941.0648284
File /home/tw/.env/fbenv/lib/python3.8/site-packages/allauth/templates/tests first seen with mtime 1750680941.0688286
File /home/tw/.env/fbenv/lib/python3.8/site-packages/allauth/templates/openid first seen with mtime 1750680941.0648284
File /home/tw/.env/fbenv/lib/python3.8/site-packages/allauth/templates/account first seen with mtime 1750680941.0528283
File /home/tw/.env/fbenv/lib/python3.8/site-packages/allauth/templates/allauth first seen with mtime 1750680941.0568283
File /home/tw/.env/fbenv/lib/python3.8/site-packages/allauth/templates/idp first seen with mtime 1750680941.0568283
File /home/tw/.env/fbenv/lib/python3.8/site-packages/allauth/templates/socialaccount/snippets first seen with mtime 1750680941.0688286
File /home/tw/.env/fbenv/lib/python3.8/site-packages/allauth/templates/socialaccount/login_cancelled.html first seen with mtime 1750680941.0648284
File /home/tw/.env/fbenv/lib/python3.8/site-packages/allauth/templates/socialaccount/email first seen with mtime 1750680941.0648284
File /home/tw/.env/fbenv/lib/python3.8/site-packages/allauth/templates/socialaccount/messages first seen with mtime 1750680941.0688286
File /home/tw/.env/fbenv/lib/python3.8/site-packages/allauth/templates/socialaccount/base_entrance.html first seen with mtime 1750680941.0648284
File /home/tw/.env/fbenv/lib/python3.8/site-packages/allauth/templates/socialaccount/login.html first seen with mtime 1750680941.0648284
File /home/tw/.env/fbenv/lib/python3.8/site-packages/allauth/templates/socialaccount/authentication_error.html first seen with mtime 1750680941.0648284
File /home/tw/.env/fbenv/lib/python3.8/site-packages/allauth/templates/socialaccount/login_redirect.html first seen with mtime 1750680941.0648284
File /home/tw/.env/fbenv/lib/python3.8/site-packages/allauth/templates/socialaccount/base_manage.html first seen with mtime 1750680941.0648284
File /home/tw/.env/fbenv/lib/python3.8/site-packages/allauth/templates/socialaccount/connections.html first seen with mtime 1750680941.0648284
File /home/tw/.env/fbenv/lib/python3.8/site-packages/allauth/templates/socialaccount/signup.html first seen with mtime 1750680941.0648284
File /home/tw/.env/fbenv/lib/python3.8/site-packages/allauth/templates/socialaccount/snippets/provider_list.html first seen with mtime 1750680941.0688286
File /home/tw/.env/fbenv/lib/python3.8/site-packages/allauth/templates/socialaccount/snippets/login_extra.html first seen with mtime 1750680941.0688286
File /home/tw/.env/fbenv/lib/python3.8/site-packages/allauth/templates/socialaccount/snippets/login.html first seen with mtime 1750680941.0688286
File /home/tw/.env/fbenv/lib/python3.8/site-packages/allauth/templates/socialaccount/email/account_disconnected_subject.txt first seen with mtime 1750680941.0688286
File /home/tw/.env/fbenv/lib/python3.8/site-packages/allauth/templates/socialaccount/email/account_disconnected_message.txt first seen with mtime 1750680941.0648284
File /home/tw/.env/fbenv/lib/python3.8/site-packages/allauth/templates/socialaccount/email/account_connected_message.txt first seen with mtime 1750680941.0648284
File /home/tw/.env/fbenv/lib/python3.8/site-packages/allauth/templates/socialaccount/email/account_connected_subject.txt first seen with mtime 1750680941.0648284
File /home/tw/.env/fbenv/lib/python3.8/site-packages/allauth/templates/socialaccount/messages/account_disconnected.txt first seen with mtime 1750680941.0688286
File /home/tw/.env/fbenv/lib/python3.8/site-packages/allauth/templates/socialaccount/messages/account_connected_updated.txt first seen with mtime 1750680941.0688286
File /home/tw/.env/fbenv/lib/python3.8/site-packages/allauth/templates/socialaccount/messages/account_connected.txt first seen with mtime 1750680941.0688286
File /home/tw/.env/fbenv/lib/python3.8/site-packages/allauth/templates/socialaccount/messages/account_connected_other.txt first seen with mtime 1750680941.0688286
File /home/tw/.env/fbenv/lib/python3.8/site-packages/allauth/templates/usersessions/messages first seen with mtime 1750680941.0688286
File /home/tw/.env/fbenv/lib/python3.8/site-packages/allauth/templates/usersessions/base_manage.html first seen with mtime 1750680941.0688286
File /home/tw/.env/fbenv/lib/python3.8/site-packages/allauth/templates/usersessions/usersession_list.html first seen with mtime 1750680941.0688286
File /home/tw/.env/fbenv/lib/python3.8/site-packages/allauth/templates/usersessions/messages/sessions_logged_out.txt first seen with mtime 1750680941.0688286
File /home/tw/.env/fbenv/lib/python3.8/site-packages/allauth/templates/mfa/totp first seen with mtime 1750680941.0648284
File /home/tw/.env/fbenv/lib/python3.8/site-packages/allauth/templates/mfa/email first seen with mtime 1750680941.0608284
File /home/tw/.env/fbenv/lib/python3.8/site-packages/allauth/templates/mfa/reauthenticate.html first seen with mtime 1750680941.0608284
File /home/tw/.env/fbenv/lib/python3.8/site-packages/allauth/templates/mfa/webauthn first seen with mtime 1750680941.0648284
File /home/tw/.env/fbenv/lib/python3.8/site-packages/allauth/templates/mfa/messages first seen with mtime 1750680941.0608284
File /home/tw/.env/fbenv/lib/python3.8/site-packages/allauth/templates/mfa/base_entrance.html first seen with mtime 1750680941.0608284
File /home/tw/.env/fbenv/lib/python3.8/site-packages/allauth/templates/mfa/index.html first seen with mtime 1750680941.0608284
File /home/tw/.env/fbenv/lib/python3.8/site-packages/allauth/templates/mfa/base_manage.html first seen with mtime 1750680941.0608284
File /home/tw/.env/fbenv/lib/python3.8/site-packages/allauth/templates/mfa/recovery_codes first seen with mtime 1750680941.0608284
File /home/tw/.env/fbenv/lib/python3.8/site-packages/allauth/templates/mfa/trust.html first seen with mtime 1750680941.0608284
File /home/tw/.env/fbenv/lib/python3.8/site-packages/allauth/templates/mfa/authenticate.html first seen with mtime 1750680941.0608284
File /home/tw/.env/fbenv/lib/python3.8/site-packages/allauth/templates/mfa/totp/activate_form.html first seen with mtime 1750680941.0648284
File /home/tw/.env/fbenv/lib/python3.8/site-packages/allauth/templates/mfa/totp/deactivate_form.html first seen with mtime 1750680941.0648284
File /home/tw/.env/fbenv/lib/python3.8/site-packages/allauth/templates/mfa/totp/base.html first seen with mtime 1750680941.0648284
File /home/tw/.env/fbenv/lib/python3.8/site-packages/allauth/templates/mfa/email/totp_activated_message.txt first seen with mtime 1750680941.0608284
File /home/tw/.env/fbenv/lib/python3.8/site-packages/allauth/templates/mfa/email/webauthn_added_message.txt first seen with mtime 1750680941.0608284
File /home/tw/.env/fbenv/lib/python3.8/site-packages/allauth/templates/mfa/email/totp_activated_subject.txt first seen with mtime 1750680941.0608284
File /home/tw/.env/fbenv/lib/python3.8/site-packages/allauth/templates/mfa/email/totp_deactivated_message.txt first seen with mtime 1750680941.0608284
File /home/tw/.env/fbenv/lib/python3.8/site-packages/allauth/templates/mfa/email/webauthn_removed_message.txt first seen with mtime 1750680941.0608284
File /home/tw/.env/fbenv/lib/python3.8/site-packages/allauth/templates/mfa/email/webauthn_removed_subject.txt first seen with mtime 1750680941.0608284
File /home/tw/.env/fbenv/lib/python3.8/site-packages/allauth/templates/mfa/email/totp_deactivated_subject.txt first seen with mtime 1750680941.0608284
File /home/tw/.env/fbenv/lib/python3.8/site-packages/allauth/templates/mfa/email/recovery_codes_generated_message.txt first seen with mtime 1750680941.0608284
File /home/tw/.env/fbenv/lib/python3.8/site-packages/allauth/templates/mfa/email/recovery_codes_generated_subject.txt first seen with mtime 1750680941.0608284
File /home/tw/.env/fbenv/lib/python3.8/site-packages/allauth/templates/mfa/email/webauthn_added_subject.txt first seen with mtime 1750680941.0608284
File /home/tw/.env/fbenv/lib/python3.8/site-packages/allauth/templates/mfa/webauthn/signup_form.html first seen with mtime 1750680941.0648284
File /home/tw/.env/fbenv/lib/python3.8/site-packages/allauth/templates/mfa/webauthn/snippets first seen with mtime 1750680941.0648284
File /home/tw/.env/fbenv/lib/python3.8/site-packages/allauth/templates/mfa/webauthn/authenticator_confirm_delete.html first seen with mtime 1750680941.0648284
File /home/tw/.env/fbenv/lib/python3.8/site-packages/allauth/templates/mfa/webauthn/edit_form.html first seen with mtime 1750680941.0648284
File /home/tw/.env/fbenv/lib/python3.8/site-packages/allauth/templates/mfa/webauthn/authenticator_list.html first seen with mtime 1750680941.0648284
File /home/tw/.env/fbenv/lib/python3.8/site-packages/allauth/templates/mfa/webauthn/reauthenticate.html first seen with mtime 1750680941.0648284
File /home/tw/.env/fbenv/lib/python3.8/site-packages/allauth/templates/mfa/webauthn/add_form.html first seen with mtime 1750680941.0648284
File /home/tw/.env/fbenv/lib/python3.8/site-packages/allauth/templates/mfa/webauthn/base.html first seen with mtime 1750680941.0648284
File /home/tw/.env/fbenv/lib/python3.8/site-packages/allauth/templates/mfa/webauthn/snippets/login_script.html first seen with mtime 1750680941.0648284
File /home/tw/.env/fbenv/lib/python3.8/site-packages/allauth/templates/mfa/webauthn/snippets/scripts.html first seen with mtime 1750680941.0648284
File /home/tw/.env/fbenv/lib/python3.8/site-packages/allauth/templates/mfa/messages/totp_activated.txt first seen with mtime 1750680941.0608284
File /home/tw/.env/fbenv/lib/python3.8/site-packages/allauth/templates/mfa/messages/webauthn_added.txt first seen with mtime 1750680941.0608284
File /home/tw/.env/fbenv/lib/python3.8/site-packages/allauth/templates/mfa/messages/webauthn_removed.txt first seen with mtime 1750680941.0608284
File /home/tw/.env/fbenv/lib/python3.8/site-packages/allauth/templates/mfa/messages/totp_deactivated.txt first seen with mtime 1750680941.0608284
File /home/tw/.env/fbenv/lib/python3.8/site-packages/allauth/templates/mfa/messages/recovery_codes_generated.txt first seen with mtime 1750680941.0608284
File /home/tw/.env/fbenv/lib/python3.8/site-packages/allauth/templates/mfa/recovery_codes/download.txt first seen with mtime 1750680941.0608284
File /home/tw/.env/fbenv/lib/python3.8/site-packages/allauth/templates/mfa/recovery_codes/index.html first seen with mtime 1750680941.0608284
File /home/tw/.env/fbenv/lib/python3.8/site-packages/allauth/templates/mfa/recovery_codes/generate.html first seen with mtime 1750680941.0608284
File /home/tw/.env/fbenv/lib/python3.8/site-packages/allauth/templates/mfa/recovery_codes/base.html first seen with mtime 1750680941.0608284
File /home/tw/.env/fbenv/lib/python3.8/site-packages/allauth/templates/tests/test_403_csrf.html first seen with mtime 1750680941.0688286
File /home/tw/.env/fbenv/lib/python3.8/site-packages/allauth/templates/openid/login.html first seen with mtime 1750680941.0648284
File /home/tw/.env/fbenv/lib/python3.8/site-packages/allauth/templates/openid/base.html first seen with mtime 1750680941.0648284
File /home/tw/.env/fbenv/lib/python3.8/site-packages/allauth/templates/account/confirm_email_verification_code.html first seen with mtime 1750680941.0448282
File /home/tw/.env/fbenv/lib/python3.8/site-packages/allauth/templates/account/snippets first seen with mtime 1750680941.0528283
File /home/tw/.env/fbenv/lib/python3.8/site-packages/allauth/templates/account/verified_email_required.html first seen with mtime 1750680941.0488281
File /home/tw/.env/fbenv/lib/python3.8/site-packages/allauth/templates/account/email.html first seen with mtime 1750680941.0448282
File /home/tw/.env/fbenv/lib/python3.8/site-packages/allauth/templates/account/password_reset_from_key_done.html first seen with mtime 1750680941.0448282
File /home/tw/.env/fbenv/lib/python3.8/site-packages/allauth/templates/account/logout.html first seen with mtime 1750680941.0448282
File /home/tw/.env/fbenv/lib/python3.8/site-packages/allauth/templates/account/confirm_password_reset_code.html first seen with mtime 1750680941.0448282
File /home/tw/.env/fbenv/lib/python3.8/site-packages/allauth/templates/account/account_inactive.html first seen with mtime 1750680941.0448282
File /home/tw/.env/fbenv/lib/python3.8/site-packages/allauth/templates/account/request_login_code.html first seen with mtime 1750680941.0488281
File /home/tw/.env/fbenv/lib/python3.8/site-packages/allauth/templates/account/verification_sent.html first seen with mtime 1750680941.0488281
File /home/tw/.env/fbenv/lib/python3.8/site-packages/allauth/templates/account/confirm_login_code.html first seen with mtime 1750680941.0448282
File /home/tw/.env/fbenv/lib/python3.8/site-packages/allauth/templates/account/base_manage_password.html first seen with mtime 1750680941.0448282
File /home/tw/.env/fbenv/lib/python3.8/site-packages/allauth/templates/account/password_reset_from_key.html first seen with mtime 1750680941.0448282
File /home/tw/.env/fbenv/lib/python3.8/site-packages/allauth/templates/account/password_reset.html first seen with mtime 1750680941.0448282
File /home/tw/.env/fbenv/lib/python3.8/site-packages/allauth/templates/account/email first seen with mtime 1750680941.0528283
File /home/tw/.env/fbenv/lib/python3.8/site-packages/allauth/templates/account/password_change.html first seen with mtime 1750680941.0448282
File /home/tw/.env/fbenv/lib/python3.8/site-packages/allauth/templates/account/reauthenticate.html first seen with mtime 1750680941.0488281
File /home/tw/.env/fbenv/lib/python3.8/site-packages/allauth/templates/account/password_set.html first seen with mtime 1750680941.0488281
File /home/tw/.env/fbenv/lib/python3.8/site-packages/allauth/templates/account/password_reset_done.html first seen with mtime 1750680941.0448282
File /home/tw/.env/fbenv/lib/python3.8/site-packages/allauth/templates/account/base_manage_email.html first seen with mtime 1750680941.0448282
File /home/tw/.env/fbenv/lib/python3.8/site-packages/allauth/templates/account/messages first seen with mtime 1750680941.0528283
File /home/tw/.env/fbenv/lib/python3.8/site-packages/allauth/templates/account/base_entrance.html first seen with mtime 1750680941.0448282
File /home/tw/.env/fbenv/lib/python3.8/site-packages/allauth/templates/account/signup_closed.html first seen with mtime 1750680941.0488281
File /home/tw/.env/fbenv/lib/python3.8/site-packages/allauth/templates/account/login.html first seen with mtime 1750680941.0448282
File /home/tw/.env/fbenv/lib/python3.8/site-packages/allauth/templates/account/base_reauthenticate.html first seen with mtime 1750680941.0448282
File /home/tw/.env/fbenv/lib/python3.8/site-packages/allauth/templates/account/base_manage.html first seen with mtime 1750680941.0448282
File /home/tw/.env/fbenv/lib/python3.8/site-packages/allauth/templates/account/base_manage_phone.html first seen with mtime 1750680941.0448282
File /home/tw/.env/fbenv/lib/python3.8/site-packages/allauth/templates/account/confirm_phone_verification_code.html first seen with mtime 1750680941.0448282
File /home/tw/.env/fbenv/lib/python3.8/site-packages/allauth/templates/account/email_confirm.html first seen with mtime 1750680941.0448282
File /home/tw/.env/fbenv/lib/python3.8/site-packages/allauth/templates/account/base_confirm_code.html first seen with mtime 1750680941.0448282
File /home/tw/.env/fbenv/lib/python3.8/site-packages/allauth/templates/account/phone_change.html first seen with mtime 1750680941.0488281
File /home/tw/.env/fbenv/lib/python3.8/site-packages/allauth/templates/account/email_change.html first seen with mtime 1750680941.0448282
File /home/tw/.env/fbenv/lib/python3.8/site-packages/allauth/templates/account/signup_by_passkey.html first seen with mtime 1750680941.0488281
File /home/tw/.env/fbenv/lib/python3.8/site-packages/allauth/templates/account/signup.html first seen with mtime 1750680941.0488281
File /home/tw/.env/fbenv/lib/python3.8/site-packages/allauth/templates/account/snippets/already_logged_in.html first seen with mtime 1750680941.0528283
File /home/tw/.env/fbenv/lib/python3.8/site-packages/allauth/templates/account/snippets/warn_no_email.html first seen with mtime 1750680941.0528283
File /home/tw/.env/fbenv/lib/python3.8/site-packages/allauth/templates/account/email/password_reset_subject.txt first seen with mtime 1750680941.0528283
File /home/tw/.env/fbenv/lib/python3.8/site-packages/allauth/templates/account/email/password_set_message.txt first seen with mtime 1750680941.0528283
File /home/tw/.env/fbenv/lib/python3.8/site-packages/allauth/templates/account/email/password_reset_key_subject.txt first seen with mtime 1750680941.0528283
File /home/tw/.env/fbenv/lib/python3.8/site-packages/allauth/templates/account/email/login_code_message.txt first seen with mtime 1750680941.0488281
File /home/tw/.env/fbenv/lib/python3.8/site-packages/allauth/templates/account/email/email_confirmation_signup_message.txt first seen with mtime 1750680941.0488281
File /home/tw/.env/fbenv/lib/python3.8/site-packages/allauth/templates/account/email/base_notification.txt first seen with mtime 1750680941.0488281
File /home/tw/.env/fbenv/lib/python3.8/site-packages/allauth/templates/account/email/password_changed_subject.txt first seen with mtime 1750680941.0528283
File /home/tw/.env/fbenv/lib/python3.8/site-packages/allauth/templates/account/email/account_already_exists_subject.txt first seen with mtime 1750680941.0488281
File /home/tw/.env/fbenv/lib/python3.8/site-packages/allauth/templates/account/email/email_confirmation_subject.txt first seen with mtime 1750680941.0488281
File /home/tw/.env/fbenv/lib/python3.8/site-packages/allauth/templates/account/email/account_already_exists_message.txt first seen with mtime 1750680941.0488281
File /home/tw/.env/fbenv/lib/python3.8/site-packages/allauth/templates/account/email/login_code_subject.txt first seen with mtime 1750680941.0488281
File /home/tw/.env/fbenv/lib/python3.8/site-packages/allauth/templates/account/email/base_message.txt first seen with mtime 1750680941.0488281
File /home/tw/.env/fbenv/lib/python3.8/site-packages/allauth/templates/account/email/email_confirmation_message.txt first seen with mtime 1750680941.0488281
File /home/tw/.env/fbenv/lib/python3.8/site-packages/allauth/templates/account/email/email_confirm_subject.txt first seen with mtime 1750680941.0488281
File /home/tw/.env/fbenv/lib/python3.8/site-packages/allauth/templates/account/email/password_reset_key_message.txt first seen with mtime 1750680941.0528283
File /home/tw/.env/fbenv/lib/python3.8/site-packages/allauth/templates/account/email/unknown_account_message.txt first seen with mtime 1750680941.0528283
File /home/tw/.env/fbenv/lib/python3.8/site-packages/allauth/templates/account/email/email_changed_subject.txt first seen with mtime 1750680941.0488281
File /home/tw/.env/fbenv/lib/python3.8/site-packages/allauth/templates/account/email/email_confirmation_signup_subject.txt first seen with mtime 1750680941.0488281
File /home/tw/.env/fbenv/lib/python3.8/site-packages/allauth/templates/account/email/password_reset_message.txt first seen with mtime 1750680941.0528283
File /home/tw/.env/fbenv/lib/python3.8/site-packages/allauth/templates/account/email/email_deleted_subject.txt first seen with mtime 1750680941.0488281
File /home/tw/.env/fbenv/lib/python3.8/site-packages/allauth/templates/account/email/password_reset_code_message.txt first seen with mtime 1750680941.0528283
File /home/tw/.env/fbenv/lib/python3.8/site-packages/allauth/templates/account/email/email_changed_message.txt first seen with mtime 1750680941.0488281
File /home/tw/.env/fbenv/lib/python3.8/site-packages/allauth/templates/account/email/password_reset_code_subject.txt first seen with mtime 1750680941.0528283
File /home/tw/.env/fbenv/lib/python3.8/site-packages/allauth/templates/account/email/unknown_account_subject.txt first seen with mtime 1750680941.0528283
File /home/tw/.env/fbenv/lib/python3.8/site-packages/allauth/templates/account/email/email_deleted_message.txt first seen with mtime 1750680941.0488281
File /home/tw/.env/fbenv/lib/python3.8/site-packages/allauth/templates/account/email/password_changed_message.txt first seen with mtime 1750680941.0488281
File /home/tw/.env/fbenv/lib/python3.8/site-packages/allauth/templates/account/email/password_set_subject.txt first seen with mtime 1750680941.0528283
File /home/tw/.env/fbenv/lib/python3.8/site-packages/allauth/templates/account/email/email_confirm_message.txt first seen with mtime 1750680941.0488281
File /home/tw/.env/fbenv/lib/python3.8/site-packages/allauth/templates/account/messages/email_confirmation_failed.txt first seen with mtime 1750680941.0528283
File /home/tw/.env/fbenv/lib/python3.8/site-packages/allauth/templates/account/messages/logged_out.txt first seen with mtime 1750680941.0528283
File /home/tw/.env/fbenv/lib/python3.8/site-packages/allauth/templates/account/messages/phone_verification_sent.txt first seen with mtime 1750680941.0528283
File /home/tw/.env/fbenv/lib/python3.8/site-packages/allauth/templates/account/messages/password_set.txt first seen with mtime 1750680941.0528283
File /home/tw/.env/fbenv/lib/python3.8/site-packages/allauth/templates/account/messages/primary_email_set.txt first seen with mtime 1750680941.0528283
File /home/tw/.env/fbenv/lib/python3.8/site-packages/allauth/templates/account/messages/unverified_primary_email.txt first seen with mtime 1750680941.0528283
File /home/tw/.env/fbenv/lib/python3.8/site-packages/allauth/templates/account/messages/cannot_delete_primary_email.txt first seen with mtime 1750680941.0528283
File /home/tw/.env/fbenv/lib/python3.8/site-packages/allauth/templates/account/messages/phone_verified.txt first seen with mtime 1750680941.0528283
File /home/tw/.env/fbenv/lib/python3.8/site-packages/allauth/templates/account/messages/email_confirmed.txt first seen with mtime 1750680941.0528283
File /home/tw/.env/fbenv/lib/python3.8/site-packages/allauth/templates/account/messages/email_confirmation_sent.txt first seen with mtime 1750680941.0528283
File /home/tw/.env/fbenv/lib/python3.8/site-packages/allauth/templates/account/messages/logged_in.txt first seen with mtime 1750680941.0528283
File /home/tw/.env/fbenv/lib/python3.8/site-packages/allauth/templates/account/messages/login_code_sent.txt first seen with mtime 1750680941.0528283
File /home/tw/.env/fbenv/lib/python3.8/site-packages/allauth/templates/account/messages/password_changed.txt first seen with mtime 1750680941.0528283
File /home/tw/.env/fbenv/lib/python3.8/site-packages/allauth/templates/account/messages/email_deleted.txt first seen with mtime 1750680941.0528283
File /home/tw/.env/fbenv/lib/python3.8/site-packages/allauth/templates/allauth/elements first seen with mtime 1750680941.0568283
File /home/tw/.env/fbenv/lib/python3.8/site-packages/allauth/templates/allauth/layouts first seen with mtime 1750680941.0568283
File /home/tw/.env/fbenv/lib/python3.8/site-packages/allauth/templates/allauth/elements/details.html first seen with mtime 1750680941.0568283
File /home/tw/.env/fbenv/lib/python3.8/site-packages/allauth/templates/allauth/elements/provider_list.html first seen with mtime 1750680941.0568283
File /home/tw/.env/fbenv/lib/python3.8/site-packages/allauth/templates/allauth/elements/tr.html first seen with mtime 1750680941.0568283
File /home/tw/.env/fbenv/lib/python3.8/site-packages/allauth/templates/allauth/elements/panel.html first seen with mtime 1750680941.0568283
File /home/tw/.env/fbenv/lib/python3.8/site-packages/allauth/templates/allauth/elements/button.html first seen with mtime 1750680941.0568283
File /home/tw/.env/fbenv/lib/python3.8/site-packages/allauth/templates/allauth/elements/hr.html first seen with mtime 1750680941.0568283
File /home/tw/.env/fbenv/lib/python3.8/site-packages/allauth/templates/allauth/elements/provider.html first seen with mtime 1750680941.0568283
File /home/tw/.env/fbenv/lib/python3.8/site-packages/allauth/templates/allauth/elements/button_group.html first seen with mtime 1750680941.0568283
File /home/tw/.env/fbenv/lib/python3.8/site-packages/allauth/templates/allauth/elements/h2.html first seen with mtime 1750680941.0568283
File /home/tw/.env/fbenv/lib/python3.8/site-packages/allauth/templates/allauth/elements/fields.html first seen with mtime 1750680941.0568283
File /home/tw/.env/fbenv/lib/python3.8/site-packages/allauth/templates/allauth/elements/field.html first seen with mtime 1750680941.0568283
File /home/tw/.env/fbenv/lib/python3.8/site-packages/allauth/templates/allauth/elements/img.html first seen with mtime 1750680941.0568283
File /home/tw/.env/fbenv/lib/python3.8/site-packages/allauth/templates/allauth/elements/tbody.html first seen with mtime 1750680941.0568283
File /home/tw/.env/fbenv/lib/python3.8/site-packages/allauth/templates/allauth/elements/td.html first seen with mtime 1750680941.0568283
File /home/tw/.env/fbenv/lib/python3.8/site-packages/allauth/templates/allauth/elements/table.html first seen with mtime 1750680941.0568283
File /home/tw/.env/fbenv/lib/python3.8/site-packages/allauth/templates/allauth/elements/p.html first seen with mtime 1750680941.0568283
File /home/tw/.env/fbenv/lib/python3.8/site-packages/allauth/templates/allauth/elements/badge.html first seen with mtime 1750680941.0568283
File /home/tw/.env/fbenv/lib/python3.8/site-packages/allauth/templates/allauth/elements/form.html first seen with mtime 1750680941.0568283
File /home/tw/.env/fbenv/lib/python3.8/site-packages/allauth/templates/allauth/elements/th.html first seen with mtime 1750680941.0568283
File /home/tw/.env/fbenv/lib/python3.8/site-packages/allauth/templates/allauth/elements/h1.html first seen with mtime 1750680941.0568283
File /home/tw/.env/fbenv/lib/python3.8/site-packages/allauth/templates/allauth/elements/thead.html first seen with mtime 1750680941.0568283
File /home/tw/.env/fbenv/lib/python3.8/site-packages/allauth/templates/allauth/elements/alert.html first seen with mtime 1750680941.0568283
File /home/tw/.env/fbenv/lib/python3.8/site-packages/allauth/templates/allauth/layouts/entrance.html first seen with mtime 1750680941.0568283
File /home/tw/.env/fbenv/lib/python3.8/site-packages/allauth/templates/allauth/layouts/manage.html first seen with mtime 1750680941.0568283
File /home/tw/.env/fbenv/lib/python3.8/site-packages/allauth/templates/allauth/layouts/base.html first seen with mtime 1750680941.0568283
File /home/tw/.env/fbenv/lib/python3.8/site-packages/allauth/templates/idp/oidc first seen with mtime 1750680941.0568283
File /home/tw/.env/fbenv/lib/python3.8/site-packages/allauth/templates/idp/oidc/error.html first seen with mtime 1750680941.0608284
File /home/tw/.env/fbenv/lib/python3.8/site-packages/allauth/templates/idp/oidc/authorization_form.html first seen with mtime 1750680941.0568283
File /home/tw/.env/fbenv/lib/python3.8/site-packages/django_celery_beat/templates/admin first seen with mtime 1750408554.973151
File /home/tw/.env/fbenv/lib/python3.8/site-packages/django_celery_beat/templates/admin/djcelery first seen with mtime 1750408554.973151
File /home/tw/.env/fbenv/lib/python3.8/site-packages/django_celery_beat/templates/admin/djcelery/change_periodictask_form.html first seen with mtime 1750408554.9411507
File /home/tw/.env/fbenv/lib/python3.8/site-packages/django_celery_beat/templates/admin/djcelery/change_list.html first seen with mtime 1750408554.9411507
File /home/tw/.env/fbenv/lib/python3.8/site-packages/rest_framework/templates/rest_framework first seen with mtime 1748496193.067084
File /home/tw/.env/fbenv/lib/python3.8/site-packages/rest_framework/templates/rest_framework/admin first seen with mtime 1748496193.059084
File /home/tw/.env/fbenv/lib/python3.8/site-packages/rest_framework/templates/rest_framework/inline first seen with mtime 1748496193.059084
File /home/tw/.env/fbenv/lib/python3.8/site-packages/rest_framework/templates/rest_framework/admin.html first seen with mtime 1748496192.8830836
File /home/tw/.env/fbenv/lib/python3.8/site-packages/rest_framework/templates/rest_framework/login_base.html first seen with mtime 1748496192.8830836
File /home/tw/.env/fbenv/lib/python3.8/site-packages/rest_framework/templates/rest_framework/vertical first seen with mtime 1748496193.063084
File /home/tw/.env/fbenv/lib/python3.8/site-packages/rest_framework/templates/rest_framework/schema.js first seen with mtime 1748496192.8830836
File /home/tw/.env/fbenv/lib/python3.8/site-packages/rest_framework/templates/rest_framework/api.html first seen with mtime 1748496192.8830836
File /home/tw/.env/fbenv/lib/python3.8/site-packages/rest_framework/templates/rest_framework/docs first seen with mtime 1748496193.063084
File /home/tw/.env/fbenv/lib/python3.8/site-packages/rest_framework/templates/rest_framework/raw_data_form.html first seen with mtime 1748496192.8830836
File /home/tw/.env/fbenv/lib/python3.8/site-packages/rest_framework/templates/rest_framework/pagination first seen with mtime 1748496193.067084
File /home/tw/.env/fbenv/lib/python3.8/site-packages/rest_framework/templates/rest_framework/login.html first seen with mtime 1748496192.8830836
File /home/tw/.env/fbenv/lib/python3.8/site-packages/rest_framework/templates/rest_framework/base.html first seen with mtime 1748496192.8830836
File /home/tw/.env/fbenv/lib/python3.8/site-packages/rest_framework/templates/rest_framework/horizontal first seen with mtime 1748496193.067084
File /home/tw/.env/fbenv/lib/python3.8/site-packages/rest_framework/templates/rest_framework/filters first seen with mtime 1748496193.067084
File /home/tw/.env/fbenv/lib/python3.8/site-packages/rest_framework/templates/rest_framework/admin/detail.html first seen with mtime 1748496192.8830836
File /home/tw/.env/fbenv/lib/python3.8/site-packages/rest_framework/templates/rest_framework/admin/list_value.html first seen with mtime 1748496192.8870838
File /home/tw/.env/fbenv/lib/python3.8/site-packages/rest_framework/templates/rest_framework/admin/simple_list_value.html first seen with mtime 1748496192.8870838
File /home/tw/.env/fbenv/lib/python3.8/site-packages/rest_framework/templates/rest_framework/admin/list.html first seen with mtime 1748496192.8870838
File /home/tw/.env/fbenv/lib/python3.8/site-packages/rest_framework/templates/rest_framework/admin/dict_value.html first seen with mtime 1748496192.8830836
File /home/tw/.env/fbenv/lib/python3.8/site-packages/rest_framework/templates/rest_framework/inline/list_fieldset.html first seen with mtime 1748496192.8910837
File /home/tw/.env/fbenv/lib/python3.8/site-packages/rest_framework/templates/rest_framework/inline/input.html first seen with mtime 1748496192.8910837
File /home/tw/.env/fbenv/lib/python3.8/site-packages/rest_framework/templates/rest_framework/inline/select_multiple.html first seen with mtime 1748496192.8910837
File /home/tw/.env/fbenv/lib/python3.8/site-packages/rest_framework/templates/rest_framework/inline/checkbox_multiple.html first seen with mtime 1748496192.8910837
File /home/tw/.env/fbenv/lib/python3.8/site-packages/rest_framework/templates/rest_framework/inline/fieldset.html first seen with mtime 1748496192.8910837
File /home/tw/.env/fbenv/lib/python3.8/site-packages/rest_framework/templates/rest_framework/inline/textarea.html first seen with mtime 1748496192.8910837
File /home/tw/.env/fbenv/lib/python3.8/site-packages/rest_framework/templates/rest_framework/inline/list_field.html first seen with mtime 1748496192.8910837
File /home/tw/.env/fbenv/lib/python3.8/site-packages/rest_framework/templates/rest_framework/inline/dict_field.html first seen with mtime 1748496192.8910837
File /home/tw/.env/fbenv/lib/python3.8/site-packages/rest_framework/templates/rest_framework/inline/radio.html first seen with mtime 1748496192.8910837
File /home/tw/.env/fbenv/lib/python3.8/site-packages/rest_framework/templates/rest_framework/inline/form.html first seen with mtime 1748496192.8910837
File /home/tw/.env/fbenv/lib/python3.8/site-packages/rest_framework/templates/rest_framework/inline/select.html first seen with mtime 1748496192.8910837
File /home/tw/.env/fbenv/lib/python3.8/site-packages/rest_framework/templates/rest_framework/inline/checkbox.html first seen with mtime 1748496192.8910837
File /home/tw/.env/fbenv/lib/python3.8/site-packages/rest_framework/templates/rest_framework/vertical/list_fieldset.html first seen with mtime 1748496192.8910837
File /home/tw/.env/fbenv/lib/python3.8/site-packages/rest_framework/templates/rest_framework/vertical/input.html first seen with mtime 1748496192.8910837
File /home/tw/.env/fbenv/lib/python3.8/site-packages/rest_framework/templates/rest_framework/vertical/select_multiple.html first seen with mtime 1748496192.8910837
File /home/tw/.env/fbenv/lib/python3.8/site-packages/rest_framework/templates/rest_framework/vertical/checkbox_multiple.html first seen with mtime 1748496192.8910837
File /home/tw/.env/fbenv/lib/python3.8/site-packages/rest_framework/templates/rest_framework/vertical/fieldset.html first seen with mtime 1748496192.8910837
File /home/tw/.env/fbenv/lib/python3.8/site-packages/rest_framework/templates/rest_framework/vertical/textarea.html first seen with mtime 1748496192.8910837
File /home/tw/.env/fbenv/lib/python3.8/site-packages/rest_framework/templates/rest_framework/vertical/list_field.html first seen with mtime 1748496192.8910837
File /home/tw/.env/fbenv/lib/python3.8/site-packages/rest_framework/templates/rest_framework/vertical/dict_field.html first seen with mtime 1748496192.8910837
File /home/tw/.env/fbenv/lib/python3.8/site-packages/rest_framework/templates/rest_framework/vertical/radio.html first seen with mtime 1748496192.8910837
File /home/tw/.env/fbenv/lib/python3.8/site-packages/rest_framework/templates/rest_framework/vertical/form.html first seen with mtime 1748496192.8910837
File /home/tw/.env/fbenv/lib/python3.8/site-packages/rest_framework/templates/rest_framework/vertical/select.html first seen with mtime 1748496192.8910837
File /home/tw/.env/fbenv/lib/python3.8/site-packages/rest_framework/templates/rest_framework/vertical/checkbox.html first seen with mtime 1748496192.8910837
File /home/tw/.env/fbenv/lib/python3.8/site-packages/rest_framework/templates/rest_framework/docs/langs first seen with mtime 1748496193.063084
File /home/tw/.env/fbenv/lib/python3.8/site-packages/rest_framework/templates/rest_framework/docs/document.html first seen with mtime 1748496192.8870838
File /home/tw/.env/fbenv/lib/python3.8/site-packages/rest_framework/templates/rest_framework/docs/sidebar.html first seen with mtime 1748496192.8870838
File /home/tw/.env/fbenv/lib/python3.8/site-packages/rest_framework/templates/rest_framework/docs/index.html first seen with mtime 1748496192.8870838
File /home/tw/.env/fbenv/lib/python3.8/site-packages/rest_framework/templates/rest_framework/docs/error.html first seen with mtime 1748496192.8870838
File /home/tw/.env/fbenv/lib/python3.8/site-packages/rest_framework/templates/rest_framework/docs/interact.html first seen with mtime 1748496192.8870838
File /home/tw/.env/fbenv/lib/python3.8/site-packages/rest_framework/templates/rest_framework/docs/auth first seen with mtime 1748496193.067084
File /home/tw/.env/fbenv/lib/python3.8/site-packages/rest_framework/templates/rest_framework/docs/link.html first seen with mtime 1748496192.8870838
File /home/tw/.env/fbenv/lib/python3.8/site-packages/rest_framework/templates/rest_framework/docs/langs/javascript-intro.html first seen with mtime 1748496192.8870838
File /home/tw/.env/fbenv/lib/python3.8/site-packages/rest_framework/templates/rest_framework/docs/langs/shell.html first seen with mtime 1748496192.8870838
File /home/tw/.env/fbenv/lib/python3.8/site-packages/rest_framework/templates/rest_framework/docs/langs/python-intro.html first seen with mtime 1748496192.8870838
File /home/tw/.env/fbenv/lib/python3.8/site-packages/rest_framework/templates/rest_framework/docs/langs/shell-intro.html first seen with mtime 1748496192.8870838
File /home/tw/.env/fbenv/lib/python3.8/site-packages/rest_framework/templates/rest_framework/docs/langs/javascript.html first seen with mtime 1748496192.8870838
File /home/tw/.env/fbenv/lib/python3.8/site-packages/rest_framework/templates/rest_framework/docs/langs/python.html first seen with mtime 1748496192.8870838
File /home/tw/.env/fbenv/lib/python3.8/site-packages/rest_framework/templates/rest_framework/docs/auth/token.html first seen with mtime 1748496192.8870838
File /home/tw/.env/fbenv/lib/python3.8/site-packages/rest_framework/templates/rest_framework/docs/auth/basic.html first seen with mtime 1748496192.8870838
File /home/tw/.env/fbenv/lib/python3.8/site-packages/rest_framework/templates/rest_framework/docs/auth/session.html first seen with mtime 1748496192.8870838
File /home/tw/.env/fbenv/lib/python3.8/site-packages/rest_framework/templates/rest_framework/pagination/previous_and_next.html first seen with mtime 1748496192.8910837
File /home/tw/.env/fbenv/lib/python3.8/site-packages/rest_framework/templates/rest_framework/pagination/numbers.html first seen with mtime 1748496192.8910837
File /home/tw/.env/fbenv/lib/python3.8/site-packages/rest_framework/templates/rest_framework/horizontal/list_fieldset.html first seen with mtime 1748496192.8870838
File /home/tw/.env/fbenv/lib/python3.8/site-packages/rest_framework/templates/rest_framework/horizontal/input.html first seen with mtime 1748496192.8870838
File /home/tw/.env/fbenv/lib/python3.8/site-packages/rest_framework/templates/rest_framework/horizontal/select_multiple.html first seen with mtime 1748496192.8910837
File /home/tw/.env/fbenv/lib/python3.8/site-packages/rest_framework/templates/rest_framework/horizontal/checkbox_multiple.html first seen with mtime 1748496192.8870838
File /home/tw/.env/fbenv/lib/python3.8/site-packages/rest_framework/templates/rest_framework/horizontal/fieldset.html first seen with mtime 1748496192.8870838
File /home/tw/.env/fbenv/lib/python3.8/site-packages/rest_framework/templates/rest_framework/horizontal/textarea.html first seen with mtime 1748496192.8910837
File /home/tw/.env/fbenv/lib/python3.8/site-packages/rest_framework/templates/rest_framework/horizontal/list_field.html first seen with mtime 1748496192.8870838
File /home/tw/.env/fbenv/lib/python3.8/site-packages/rest_framework/templates/rest_framework/horizontal/dict_field.html first seen with mtime 1748496192.8870838
File /home/tw/.env/fbenv/lib/python3.8/site-packages/rest_framework/templates/rest_framework/horizontal/radio.html first seen with mtime 1748496192.8870838
File /home/tw/.env/fbenv/lib/python3.8/site-packages/rest_framework/templates/rest_framework/horizontal/form.html first seen with mtime 1748496192.8870838
File /home/tw/.env/fbenv/lib/python3.8/site-packages/rest_framework/templates/rest_framework/horizontal/select.html first seen with mtime 1748496192.8910837
File /home/tw/.env/fbenv/lib/python3.8/site-packages/rest_framework/templates/rest_framework/horizontal/checkbox.html first seen with mtime 1748496192.8870838
File /home/tw/.env/fbenv/lib/python3.8/site-packages/rest_framework/templates/rest_framework/filters/search.html first seen with mtime 1748496192.8870838
File /home/tw/.env/fbenv/lib/python3.8/site-packages/rest_framework/templates/rest_framework/filters/ordering.html first seen with mtime 1748496192.8870838
File /home/tw/.env/fbenv/lib/python3.8/site-packages/rest_framework/templates/rest_framework/filters/base.html first seen with mtime 1748496192.8870838
File /home/tw/fbclone/facebookclone/facebookclone/templates/fb first seen with mtime 1751006728.3950984
File /home/tw/fbclone/facebookclone/facebookclone/templates/fb/morecomment.html first seen with mtime 1749189438.1378815
File /home/tw/fbclone/facebookclone/facebookclone/templates/fb/password_reset_complete.html first seen with mtime 1747311547.4465718
File /home/tw/fbclone/facebookclone/facebookclone/templates/fb/profile.html first seen with mtime 1751276784.5586965
File /home/tw/fbclone/facebookclone/facebookclone/templates/fb/followers_list.html first seen with mtime 1747027819.569778
File /home/tw/fbclone/facebookclone/facebookclone/templates/fb/likes.html first seen with mtime 1747646162.138243
File /home/tw/fbclone/facebookclone/facebookclone/templates/fb/payment_butten.html first seen with mtime 1750930270.534944
File /home/tw/fbclone/facebookclone/facebookclone/templates/fb/post.html first seen with mtime 1748436882.2117124
File /home/tw/fbclone/facebookclone/facebookclone/templates/fb/password_reset_confirm.html first seen with mtime 1747311217.2158835
File /home/tw/fbclone/facebookclone/facebookclone/templates/fb/success.html first seen with mtime 1751003249.479911
File /home/tw/fbclone/facebookclone/facebookclone/templates/fb/user_posts.html first seen with mtime 1750764475.0369525
File /home/tw/fbclone/facebookclone/facebookclone/templates/fb/send_request.html first seen with mtime 1748337802.740099
File /home/tw/fbclone/facebookclone/facebookclone/templates/fb/upload.html first seen with mtime 1749123931.6783972
File /home/tw/fbclone/facebookclone/facebookclone/templates/fb/cancel.html first seen with mtime 1751003242.9359372
File /home/tw/fbclone/facebookclone/facebookclone/templates/fb/password_reset_done.html first seen with mtime 1747309509.2810643
File /home/tw/fbclone/facebookclone/facebookclone/templates/fb/edit_profile.html first seen with mtime 1750828361.8975253
File /home/tw/fbclone/facebookclone/facebookclone/templates/fb/login.html first seen with mtime 1750836222.9660606
File /home/tw/fbclone/facebookclone/facebookclone/templates/fb/password_reset_form.html first seen with mtime 1747309232.7838192
File /home/tw/fbclone/facebookclone/facebookclone/templates/fb/home.html first seen with mtime 1750770283.6456122
File /home/tw/fbclone/facebookclone/facebookclone/templates/fb/confirm_delete.html first seen with mtime 1750051809.7906835
File /home/tw/fbclone/facebookclone/facebookclone/templates/fb/following_list.html first seen with mtime 1747293878.6296165
File /home/tw/fbclone/facebookclone/facebookclone/templates/fb/error.html first seen with mtime 1751010188.3172414
File /home/tw/fbclone/facebookclone/facebookclone/templates/fb/comment_single.html first seen with mtime 1749725789.9345138
File /home/tw/fbclone/facebookclone/facebookclone/templates/fb/base.html first seen with mtime 1749701539.9924889
File /home/tw/fbclone/facebookclone/facebookclone/templates/fb/signup.html first seen with mtime 1750756678.387237
File /home/tw/.env/fbenv/lib/python3.8/site-packages/drf_yasg/templates/drf-yasg first seen with mtime 1750665970.0671785
File /home/tw/.env/fbenv/lib/python3.8/site-packages/drf_yasg/templates/drf-yasg/redoc-old.html first seen with mtime 1750665970.0111792
File /home/tw/.env/fbenv/lib/python3.8/site-packages/drf_yasg/templates/drf-yasg/swagger-ui.html first seen with mtime 1750665970.0111792
File /home/tw/.env/fbenv/lib/python3.8/site-packages/drf_yasg/templates/drf-yasg/redoc.html first seen with mtime 1750665970.0111792
File /home/tw/.env/fbenv/lib/python3.8/site-packages/rest_framework/locale/ko_KR/LC_MESSAGES/django.mo first seen with mtime 1748496192.8590837
File /home/tw/.env/fbenv/lib/python3.8/site-packages/rest_framework/locale/de/LC_MESSAGES/django.mo first seen with mtime 1748496192.8510835
File /home/tw/.env/fbenv/lib/python3.8/site-packages/rest_framework/locale/hy/LC_MESSAGES/django.mo first seen with mtime 1748496192.8550837
File /home/tw/.env/fbenv/lib/python3.8/site-packages/rest_framework/locale/en_US/LC_MESSAGES/django.mo first seen with mtime 1748496192.8550837
File /home/tw/.env/fbenv/lib/python3.8/site-packages/rest_framework/locale/pt_PT/LC_MESSAGES/django.mo first seen with mtime 1748496192.8590837
File /home/tw/.env/fbenv/lib/python3.8/site-packages/rest_framework/locale/bg/LC_MESSAGES/django.mo first seen with mtime 1748496192.8510835
File /home/tw/.env/fbenv/lib/python3.8/site-packages/rest_framework/locale/ar/LC_MESSAGES/django.mo first seen with mtime 1748496192.8510835
File /home/tw/.env/fbenv/lib/python3.8/site-packages/rest_framework/locale/ru_RU/LC_MESSAGES/django.mo first seen with mtime 1748496192.8630836
File /home/tw/.env/fbenv/lib/python3.8/site-packages/rest_framework/locale/ca/LC_MESSAGES/django.mo first seen with mtime 1748496192.8510835
File /home/tw/.env/fbenv/lib/python3.8/site-packages/rest_framework/locale/nb/LC_MESSAGES/django.mo first seen with mtime 1748496192.8590837
File /home/tw/.env/fbenv/lib/python3.8/site-packages/rest_framework/locale/pl/LC_MESSAGES/django.mo first seen with mtime 1748496192.8590837
File /home/tw/.env/fbenv/lib/python3.8/site-packages/rest_framework/locale/el/LC_MESSAGES/django.mo first seen with mtime 1748496192.8510835
File /home/tw/.env/fbenv/lib/python3.8/site-packages/rest_framework/locale/fr/LC_MESSAGES/django.mo first seen with mtime 1748496192.8550837
File /home/tw/.env/fbenv/lib/python3.8/site-packages/rest_framework/locale/ach/LC_MESSAGES/django.mo first seen with mtime 1748496192.8510835
File /home/tw/.env/fbenv/lib/python3.8/site-packages/rest_framework/locale/gl_ES/LC_MESSAGES/django.mo first seen with mtime 1748496192.8550837
File /home/tw/.env/fbenv/lib/python3.8/site-packages/rest_framework/locale/lv/LC_MESSAGES/django.mo first seen with mtime 1748496192.8590837
File /home/tw/.env/fbenv/lib/python3.8/site-packages/rest_framework/locale/zh_Hans/LC_MESSAGES/django.mo first seen with mtime 1748496192.8630836
File /home/tw/.env/fbenv/lib/python3.8/site-packages/rest_framework/locale/fr_CA/LC_MESSAGES/django.mo first seen with mtime 1748496192.8550837
File /home/tw/.env/fbenv/lib/python3.8/site-packages/rest_framework/locale/pt/LC_MESSAGES/django.mo first seen with mtime 1748496192.8590837
File /home/tw/.env/fbenv/lib/python3.8/site-packages/rest_framework/locale/th/LC_MESSAGES/django.mo first seen with mtime 1748496192.8630836
File /home/tw/.env/fbenv/lib/python3.8/site-packages/rest_framework/locale/fa_IR/LC_MESSAGES/django.mo first seen with mtime 1748496192.8550837
File /home/tw/.env/fbenv/lib/python3.8/site-packages/rest_framework/locale/zh_CN/LC_MESSAGES/django.mo first seen with mtime 1748496192.8630836
File /home/tw/.env/fbenv/lib/python3.8/site-packages/rest_framework/locale/fa/LC_MESSAGES/django.mo first seen with mtime 1748496192.8550837
File /home/tw/.env/fbenv/lib/python3.8/site-packages/rest_framework/locale/cs/LC_MESSAGES/django.mo first seen with mtime 1748496192.8510835
File /home/tw/.env/fbenv/lib/python3.8/site-packages/rest_framework/locale/id/LC_MESSAGES/django.mo first seen with mtime 1748496192.8550837
File /home/tw/.env/fbenv/lib/python3.8/site-packages/rest_framework/locale/it/LC_MESSAGES/django.mo first seen with mtime 1748496192.8550837
File /home/tw/.env/fbenv/lib/python3.8/site-packages/rest_framework/locale/ru/LC_MESSAGES/django.mo first seen with mtime 1748496192.8630836
File /home/tw/.env/fbenv/lib/python3.8/site-packages/rest_framework/locale/ca_ES/LC_MESSAGES/django.mo first seen with mtime 1748496192.8510835
File /home/tw/.env/fbenv/lib/python3.8/site-packages/rest_framework/locale/uk/LC_MESSAGES/django.mo first seen with mtime 1748496192.8630836
File /home/tw/.env/fbenv/lib/python3.8/site-packages/rest_framework/locale/nl/LC_MESSAGES/django.mo first seen with mtime 1748496192.8590837
File /home/tw/.env/fbenv/lib/python3.8/site-packages/rest_framework/locale/fi/LC_MESSAGES/django.mo first seen with mtime 1748496192.8550837
File /home/tw/.env/fbenv/lib/python3.8/site-packages/rest_framework/locale/ne_NP/LC_MESSAGES/django.mo first seen with mtime 1748496192.8590837
File /home/tw/.env/fbenv/lib/python3.8/site-packages/rest_framework/locale/be/LC_MESSAGES/django.mo first seen with mtime 1748496192.8510835
File /home/tw/.env/fbenv/lib/python3.8/site-packages/rest_framework/locale/en_AU/LC_MESSAGES/django.mo first seen with mtime 1748496192.8550837
File /home/tw/.env/fbenv/lib/python3.8/site-packages/rest_framework/locale/ro/LC_MESSAGES/django.mo first seen with mtime 1748496192.8590837
File /home/tw/.env/fbenv/lib/python3.8/site-packages/rest_framework/locale/sl/LC_MESSAGES/django.mo first seen with mtime 1748496192.8630836
File /home/tw/.env/fbenv/lib/python3.8/site-packages/rest_framework/locale/zh_Hant/LC_MESSAGES/django.mo first seen with mtime 1748496192.8630836
File /home/tw/.env/fbenv/lib/python3.8/site-packages/rest_framework/locale/en_CA/LC_MESSAGES/django.mo first seen with mtime 1748496192.8550837
File /home/tw/.env/fbenv/lib/python3.8/site-packages/rest_framework/locale/zh_TW/LC_MESSAGES/django.mo first seen with mtime 1748496192.8630836
File /home/tw/.env/fbenv/lib/python3.8/site-packages/rest_framework/locale/mk/LC_MESSAGES/django.mo first seen with mtime 1748496192.8590837
File /home/tw/.env/fbenv/lib/python3.8/site-packages/rest_framework/locale/da/LC_MESSAGES/django.mo first seen with mtime 1748496192.8510835
File /home/tw/.env/fbenv/lib/python3.8/site-packages/rest_framework/locale/az/LC_MESSAGES/django.mo first seen with mtime 1748496192.8510835
File /home/tw/.env/fbenv/lib/python3.8/site-packages/rest_framework/locale/ja/LC_MESSAGES/django.mo first seen with mtime 1748496192.8590837
File /home/tw/.env/fbenv/lib/python3.8/site-packages/rest_framework/locale/tr/LC_MESSAGES/django.mo first seen with mtime 1748496192.8630836
File /home/tw/.env/fbenv/lib/python3.8/site-packages/rest_framework/locale/et/LC_MESSAGES/django.mo first seen with mtime 1748496192.8550837
File /home/tw/.env/fbenv/lib/python3.8/site-packages/rest_framework/locale/no/LC_MESSAGES/django.mo first seen with mtime 1748496192.8590837
File /home/tw/.env/fbenv/lib/python3.8/site-packages/rest_framework/locale/vi/LC_MESSAGES/django.mo first seen with mtime 1748496192.8630836
File /home/tw/.env/fbenv/lib/python3.8/site-packages/rest_framework/locale/tr_TR/LC_MESSAGES/django.mo first seen with mtime 1748496192.8630836
File /home/tw/.env/fbenv/lib/python3.8/site-packages/rest_framework/locale/el_GR/LC_MESSAGES/django.mo first seen with mtime 1748496192.8510835
File /home/tw/.env/fbenv/lib/python3.8/site-packages/rest_framework/locale/lt/LC_MESSAGES/django.mo first seen with mtime 1748496192.8590837
File /home/tw/.env/fbenv/lib/python3.8/site-packages/rest_framework/locale/he_IL/LC_MESSAGES/django.mo first seen with mtime 1748496192.8550837
File /home/tw/.env/fbenv/lib/python3.8/site-packages/rest_framework/locale/en/LC_MESSAGES/django.mo first seen with mtime 1748496192.8510835
File /home/tw/.env/fbenv/lib/python3.8/site-packages/rest_framework/locale/sk/LC_MESSAGES/django.mo first seen with mtime 1748496192.8630836
File /home/tw/.env/fbenv/lib/python3.8/site-packages/rest_framework/locale/sv/LC_MESSAGES/django.mo first seen with mtime 1748496192.8630836
File /home/tw/.env/fbenv/lib/python3.8/site-packages/rest_framework/locale/gl/LC_MESSAGES/django.mo first seen with mtime 1748496192.8550837
File /home/tw/.env/fbenv/lib/python3.8/site-packages/rest_framework/locale/es/LC_MESSAGES/django.mo first seen with mtime 1748496192.8550837
File /home/tw/.env/fbenv/lib/python3.8/site-packages/rest_framework/locale/nn/LC_MESSAGES/django.mo first seen with mtime 1748496192.8590837
File /home/tw/.env/fbenv/lib/python3.8/site-packages/rest_framework/locale/hu/LC_MESSAGES/django.mo first seen with mtime 1748496192.8550837
File /home/tw/.env/fbenv/lib/python3.8/site-packages/rest_framework/locale/pt_BR/LC_MESSAGES/django.mo first seen with mtime 1748496192.8590837
File /home/tw/.env/fbenv/lib/python3.8/site-packages/rest_framework_simplejwt/locale/ko_KR/LC_MESSAGES/django.mo first seen with mtime 1748864876.2787957
File /home/tw/.env/fbenv/lib/python3.8/site-packages/rest_framework_simplejwt/locale/de/LC_MESSAGES/django.mo first seen with mtime 1748864876.2787957
File /home/tw/.env/fbenv/lib/python3.8/site-packages/rest_framework_simplejwt/locale/ar/LC_MESSAGES/django.mo first seen with mtime 1748864876.2747958
File /home/tw/.env/fbenv/lib/python3.8/site-packages/rest_framework_simplejwt/locale/pl_PL/LC_MESSAGES/django.mo first seen with mtime 1748864876.282796
File /home/tw/.env/fbenv/lib/python3.8/site-packages/rest_framework_simplejwt/locale/ru_RU/LC_MESSAGES/django.mo first seen with mtime 1748864876.282796
File /home/tw/.env/fbenv/lib/python3.8/site-packages/rest_framework_simplejwt/locale/es_CL/LC_MESSAGES/django.mo first seen with mtime 1748864876.2787957
File /home/tw/.env/fbenv/lib/python3.8/site-packages/rest_framework_simplejwt/locale/fr/LC_MESSAGES/django.mo first seen with mtime 1748864876.2787957
File /home/tw/.env/fbenv/lib/python3.8/site-packages/rest_framework_simplejwt/locale/uk_UA/LC_MESSAGES/django.mo first seen with mtime 1748864876.282796
File /home/tw/.env/fbenv/lib/python3.8/site-packages/rest_framework_simplejwt/locale/zh_Hans/LC_MESSAGES/django.mo first seen with mtime 1748864876.282796
File /home/tw/.env/fbenv/lib/python3.8/site-packages/rest_framework_simplejwt/locale/es_AR/LC_MESSAGES/django.mo first seen with mtime 1748864876.2787957
File /home/tw/.env/fbenv/lib/python3.8/site-packages/rest_framework_simplejwt/locale/fa_IR/LC_MESSAGES/django.mo first seen with mtime 1748864876.2787957
File /home/tw/.env/fbenv/lib/python3.8/site-packages/rest_framework_simplejwt/locale/fa/LC_MESSAGES/django.mo first seen with mtime 1748864876.2787957
File /home/tw/.env/fbenv/lib/python3.8/site-packages/rest_framework_simplejwt/locale/cs/LC_MESSAGES/django.mo first seen with mtime 1748864876.2747958
File /home/tw/.env/fbenv/lib/python3.8/site-packages/rest_framework_simplejwt/locale/id_ID/LC_MESSAGES/django.mo first seen with mtime 1748864876.2787957
File /home/tw/.env/fbenv/lib/python3.8/site-packages/rest_framework_simplejwt/locale/ro/LC_MESSAGES/django.mo first seen with mtime 1748864876.282796
File /home/tw/.env/fbenv/lib/python3.8/site-packages/rest_framework_simplejwt/locale/it_IT/LC_MESSAGES/django.mo first seen with mtime 1748864876.2787957
File /home/tw/.env/fbenv/lib/python3.8/site-packages/rest_framework_simplejwt/locale/sl/LC_MESSAGES/django.mo first seen with mtime 1748864876.282796
File /home/tw/.env/fbenv/lib/python3.8/site-packages/rest_framework_simplejwt/locale/tr/LC_MESSAGES/django.mo first seen with mtime 1748864876.282796
File /home/tw/.env/fbenv/lib/python3.8/site-packages/rest_framework_simplejwt/locale/nl_NL/LC_MESSAGES/django.mo first seen with mtime 1748864876.282796
File /home/tw/.env/fbenv/lib/python3.8/site-packages/rest_framework_simplejwt/locale/he_IL/LC_MESSAGES/django.mo first seen with mtime 1748864876.2787957
File /home/tw/.env/fbenv/lib/python3.8/site-packages/rest_framework_simplejwt/locale/sv/LC_MESSAGES/django.mo first seen with mtime 1748864876.282796
File /home/tw/.env/fbenv/lib/python3.8/site-packages/rest_framework_simplejwt/locale/es/LC_MESSAGES/django.mo first seen with mtime 1748864876.2787957
File /home/tw/.env/fbenv/lib/python3.8/site-packages/rest_framework_simplejwt/locale/pt_BR/LC_MESSAGES/django.mo first seen with mtime 1748864876.282796
File /home/tw/.env/fbenv/lib/python3.8/site-packages/django_celery_beat/locale/de/LC_MESSAGES/django.mo first seen with mtime 1750408554.9331508
File /home/tw/.env/fbenv/lib/python3.8/site-packages/django_celery_beat/locale/ko/LC_MESSAGES/django.mo first seen with mtime 1750408554.9371507
File /home/tw/.env/fbenv/lib/python3.8/site-packages/django_celery_beat/locale/fr/LC_MESSAGES/django.mo first seen with mtime 1750408554.9371507
File /home/tw/.env/fbenv/lib/python3.8/site-packages/django_celery_beat/locale/zh_Hans/LC_MESSAGES/django.mo first seen with mtime 1750408554.9371507
File /home/tw/.env/fbenv/lib/python3.8/site-packages/django_celery_beat/locale/fa/LC_MESSAGES/django.mo first seen with mtime 1750408554.9371507
File /home/tw/.env/fbenv/lib/python3.8/site-packages/django_celery_beat/locale/ru/LC_MESSAGES/django.mo first seen with mtime 1750408554.9371507
File /home/tw/.env/fbenv/lib/python3.8/site-packages/django_celery_beat/locale/es/LC_MESSAGES/django.mo first seen with mtime 1750408554.9331508
File /home/tw/.env/fbenv/lib/python3.8/site-packages/allauth/locale/de/LC_MESSAGES/django.mo first seen with mtime 1750680940.8848245
File /home/tw/.env/fbenv/lib/python3.8/site-packages/allauth/locale/pt_PT/LC_MESSAGES/django.mo first seen with mtime 1750680940.9088252
File /home/tw/.env/fbenv/lib/python3.8/site-packages/allauth/locale/bg/LC_MESSAGES/django.mo first seen with mtime 1750680940.8808246
File /home/tw/.env/fbenv/lib/python3.8/site-packages/allauth/locale/ar/LC_MESSAGES/django.mo first seen with mtime 1750680940.8808246
File /home/tw/.env/fbenv/lib/python3.8/site-packages/allauth/locale/sr_Latn/LC_MESSAGES/django.mo first seen with mtime 1750680940.912825
File /home/tw/.env/fbenv/lib/python3.8/site-packages/allauth/locale/ca/LC_MESSAGES/django.mo first seen with mtime 1750680940.8808246
File /home/tw/.env/fbenv/lib/python3.8/site-packages/allauth/locale/nb/LC_MESSAGES/django.mo first seen with mtime 1750680940.904825
File /home/tw/.env/fbenv/lib/python3.8/site-packages/allauth/locale/ko/LC_MESSAGES/django.mo first seen with mtime 1750680940.900825
File /home/tw/.env/fbenv/lib/python3.8/site-packages/allauth/locale/pl/LC_MESSAGES/django.mo first seen with mtime 1750680940.904825
File /home/tw/.env/fbenv/lib/python3.8/site-packages/allauth/locale/el/LC_MESSAGES/django.mo first seen with mtime 1750680940.8848245
File /home/tw/.env/fbenv/lib/python3.8/site-packages/allauth/locale/fr/LC_MESSAGES/django.mo first seen with mtime 1750680940.892825
File /home/tw/.env/fbenv/lib/python3.8/site-packages/allauth/locale/lv/LC_MESSAGES/django.mo first seen with mtime 1750680940.900825
File /home/tw/.env/fbenv/lib/python3.8/site-packages/allauth/locale/zh_Hans/LC_MESSAGES/django.mo first seen with mtime 1750680940.9208255
File /home/tw/.env/fbenv/lib/python3.8/site-packages/allauth/locale/uz/LC_MESSAGES/django.mo first seen with mtime 1750680940.9168253
File /home/tw/.env/fbenv/lib/python3.8/site-packages/allauth/locale/th/LC_MESSAGES/django.mo first seen with mtime 1750680940.9168253
File /home/tw/.env/fbenv/lib/python3.8/site-packages/allauth/locale/fa/LC_MESSAGES/django.mo first seen with mtime 1750680940.8888247
File /home/tw/.env/fbenv/lib/python3.8/site-packages/allauth/locale/cs/LC_MESSAGES/django.mo first seen with mtime 1750680940.8848245
File /home/tw/.env/fbenv/lib/python3.8/site-packages/allauth/locale/id/LC_MESSAGES/django.mo first seen with mtime 1750680940.8968248
File /home/tw/.env/fbenv/lib/python3.8/site-packages/allauth/locale/it/LC_MESSAGES/django.mo first seen with mtime 1750680940.8968248
File /home/tw/.env/fbenv/lib/python3.8/site-packages/allauth/locale/ru/LC_MESSAGES/django.mo first seen with mtime 1750680940.9088252
File /home/tw/.env/fbenv/lib/python3.8/site-packages/allauth/locale/uk/LC_MESSAGES/django.mo first seen with mtime 1750680940.9168253
File /home/tw/.env/fbenv/lib/python3.8/site-packages/allauth/locale/nl/LC_MESSAGES/django.mo first seen with mtime 1750680940.904825
File /home/tw/.env/fbenv/lib/python3.8/site-packages/allauth/locale/fi/LC_MESSAGES/django.mo first seen with mtime 1750680940.892825
File /home/tw/.env/fbenv/lib/python3.8/site-packages/allauth/locale/hr/LC_MESSAGES/django.mo first seen with mtime 1750680940.892825
File /home/tw/.env/fbenv/lib/python3.8/site-packages/allauth/locale/ro/LC_MESSAGES/django.mo first seen with mtime 1750680940.9088252
File /home/tw/.env/fbenv/lib/python3.8/site-packages/allauth/locale/sl/LC_MESSAGES/django.mo first seen with mtime 1750680940.912825
File /home/tw/.env/fbenv/lib/python3.8/site-packages/allauth/locale/eu/LC_MESSAGES/django.mo first seen with mtime 1750680940.8888247
File /home/tw/.env/fbenv/lib/python3.8/site-packages/allauth/locale/zh_Hant/LC_MESSAGES/django.mo first seen with mtime 1750680940.9208255
File /home/tw/.env/fbenv/lib/python3.8/site-packages/allauth/locale/sr/LC_MESSAGES/django.mo first seen with mtime 1750680940.912825
File /home/tw/.env/fbenv/lib/python3.8/site-packages/allauth/locale/da/LC_MESSAGES/django.mo first seen with mtime 1750680940.8848245
File /home/tw/.env/fbenv/lib/python3.8/site-packages/allauth/locale/az/LC_MESSAGES/django.mo first seen with mtime 1750680940.8808246
File /home/tw/.env/fbenv/lib/python3.8/site-packages/allauth/locale/ja/LC_MESSAGES/django.mo first seen with mtime 1750680940.8968248
File /home/tw/.env/fbenv/lib/python3.8/site-packages/allauth/locale/tr/LC_MESSAGES/django.mo first seen with mtime 1750680940.9168253
File /home/tw/.env/fbenv/lib/python3.8/site-packages/allauth/locale/et/LC_MESSAGES/django.mo first seen with mtime 1750680940.8888247
File /home/tw/.env/fbenv/lib/python3.8/site-packages/allauth/locale/lt/LC_MESSAGES/django.mo first seen with mtime 1750680940.900825
File /home/tw/.env/fbenv/lib/python3.8/site-packages/allauth/locale/ky/LC_MESSAGES/django.mo first seen with mtime 1750680940.900825
File /home/tw/.env/fbenv/lib/python3.8/site-packages/allauth/locale/he/LC_MESSAGES/django.mo first seen with mtime 1750680940.892825
File /home/tw/.env/fbenv/lib/python3.8/site-packages/allauth/locale/en/LC_MESSAGES/django.mo first seen with mtime 1750680940.8888247
File /home/tw/.env/fbenv/lib/python3.8/site-packages/allauth/locale/sk/LC_MESSAGES/django.mo first seen with mtime 1750680940.9088252
File /home/tw/.env/fbenv/lib/python3.8/site-packages/allauth/locale/sv/LC_MESSAGES/django.mo first seen with mtime 1750680940.912825
File /home/tw/.env/fbenv/lib/python3.8/site-packages/allauth/locale/es/LC_MESSAGES/django.mo first seen with mtime 1750680940.8888247
File /home/tw/.env/fbenv/lib/python3.8/site-packages/allauth/locale/ka/LC_MESSAGES/django.mo first seen with mtime 1750680940.8968248
File /home/tw/.env/fbenv/lib/python3.8/site-packages/allauth/locale/hu/LC_MESSAGES/django.mo first seen with mtime 1750680940.8968248
File /home/tw/.env/fbenv/lib/python3.8/site-packages/allauth/locale/pt_BR/LC_MESSAGES/django.mo first seen with mtime 1750680940.904825
File /home/tw/.env/fbenv/lib/python3.8/site-packages/allauth/locale/mn/LC_MESSAGES/django.mo first seen with mtime 1750680940.904825
File /home/tw/.env/fbenv/lib/python3.8/site-packages/allauth/account/middleware.py first seen with mtime 1750680940.8408237
File /home/tw/.env/fbenv/lib/python3.8/site-packages/social_django/middleware.py first seen with mtime 1750760834.856936
File /home/tw/.env/fbenv/lib/python3.8/site-packages/django_celery_beat/migrations/0018_improve_crontab_helptext.py first seen with mtime 1750408554.9411507
File /home/tw/.env/fbenv/lib/python3.8/site-packages/social_core/backends/__init__.py first seen with mtime 1750760834.5729322
File /home/tw/.env/fbenv/lib/python3.8/site-packages/django_celery_results/migrations/0002_add_task_name_args_kwargs.py first seen with mtime 1750408554.9851513
File /home/tw/.env/fbenv/lib/python3.8/site-packages/rest_framework_simplejwt/token_blacklist/migrations/0003_auto_20171017_2007.py first seen with mtime 1748864876.2867959
File /home/tw/.env/fbenv/lib/python3.8/site-packages/django_celery_beat/migrations/0006_periodictask_priority.py first seen with mtime 1750408554.9371507
File /home/tw/.env/fbenv/lib/python3.8/site-packages/django_celery_beat/migrations/0012_periodictask_expire_seconds.py first seen with mtime 1750408554.9411507
File /home/tw/.env/fbenv/lib/python3.8/site-packages/django_celery_beat/migrations/0015_edit_solarschedule_events_choices.py first seen with mtime 1750408554.9411507
File /home/tw/.env/fbenv/lib/python3.8/site-packages/allauth/socialaccount/migrations/0006_alter_socialaccount_extra_data.py first seen with mtime 1750680940.9368258
File /home/tw/.env/fbenv/lib/python3.8/site-packages/rest_framework_simplejwt/token_blacklist/migrations/0006_auto_20171017_2113.py first seen with mtime 1748864876.2867959
File /home/tw/fbclone/facebookclone/facebookclone/apps/fb/migrations/0016_alter_comment_parent.py first seen with mtime 1749119395.4706542
File /home/tw/.env/fbenv/lib/python3.8/site-packages/allauth/socialaccount/migrations/0001_initial.py first seen with mtime 1750680940.9368258
File /home/tw/fbclone/facebookclone/facebookclone/apps/fb/migrations/0013_delete_like.py first seen with mtime 1749012672.986353
File /home/tw/.env/fbenv/lib/python3.8/site-packages/django/contrib/contenttypes/migrations/0001_initial.py first seen with mtime 1747033757.8710282
File /home/tw/.env/fbenv/lib/python3.8/site-packages/rest_framework_simplejwt/token_blacklist/migrations/0011_linearizes_history.py first seen with mtime 1748864876.2867959
File /home/tw/.env/fbenv/lib/python3.8/site-packages/django/middleware/clickjacking.py first seen with mtime 1747033758.1950312
File /home/tw/.env/fbenv/lib/python3.8/site-packages/allauth/socialaccount/migrations/0004_app_provider_id_settings.py first seen with mtime 1750680940.9368258
File /home/tw/fbclone/facebookclone/facebookclone/wsgi.py first seen with mtime 1743654081.0807528
File /home/tw/.env/fbenv/lib/python3.8/site-packages/django_celery_beat/migrations/0014_remove_clockedschedule_enabled.py first seen with mtime 1750408554.9411507
File /home/tw/.env/fbenv/lib/python3.8/site-packages/django/contrib/auth/migrations/0003_alter_user_email_max_length.py first seen with mtime 1747033757.839028
File /home/tw/.env/fbenv/lib/python3.8/site-packages/allauth/account/migrations/0006_emailaddress_lower.py first seen with mtime 1750680940.8488238
File /home/tw/.env/fbenv/lib/python3.8/site-packages/django/contrib/sites/migrations/0001_initial.py first seen with mtime 1747033758.1310306
File /home/tw/.env/fbenv/lib/python3.8/site-packages/allauth/account/migrations/0005_emailaddress_idx_upper_email.py first seen with mtime 1750680940.8488238
File /home/tw/.env/fbenv/lib/python3.8/site-packages/django/contrib/auth/migrations/0009_alter_user_last_name_max_length.py first seen with mtime 1747033757.839028
File /home/tw/.env/fbenv/lib/python3.8/site-packages/django_celery_beat/migrations/0007_auto_20180521_0826.py first seen with mtime 1750408554.9371507
File /home/tw/.env/fbenv/lib/python3.8/site-packages/django_celery_beat/migrations/__init__.py first seen with mtime 1750408554.9411507
File /home/tw/.env/fbenv/lib/python3.8/site-packages/social_django/__init__.py first seen with mtime 1750760834.856936
File /home/tw/.env/fbenv/lib/python3.8/site-packages/allauth/account/migrations/0007_emailaddress_idx_email.py first seen with mtime 1750680940.8488238
File /home/tw/.env/fbenv/lib/python3.8/site-packages/django_celery_results/migrations/0008_chordcounter.py first seen with mtime 1750408554.9891512
File /home/tw/fbclone/facebookclone/facebookclone/apps/fb/migrations/0021_notification.py first seen with mtime 1750225783.1709726
File /home/tw/.env/fbenv/lib/python3.8/site-packages/django/contrib/auth/migrations/0008_alter_user_username_max_length.py first seen with mtime 1747033757.839028
File /home/tw/.env/fbenv/lib/python3.8/site-packages/django_celery_results/migrations/0012_taskresult_date_started.py first seen with mtime 1750408554.9891512
File /home/tw/fbclone/facebookclone/facebookclone/apps/fb/migrations/0026_alter_customuser_is_permium.py first seen with mtime 1751260964.7984343
File /home/tw/.env/fbenv/lib/python3.8/site-packages/rest_framework_simplejwt/token_blacklist/migrations/0004_auto_20171017_2013.py first seen with mtime 1748864876.2867959
File /home/tw/fbclone/facebookclone/facebookclone/apps/fb/migrations/0001_initial.py first seen with mtime 1745326737.0260372
File /home/tw/.env/fbenv/lib/python3.8/site-packages/allauth/socialaccount/migrations/0005_socialtoken_nullable_app.py first seen with mtime 1750680940.9368258
File /home/tw/.env/fbenv/lib/python3.8/site-packages/django_celery_beat/migrations/0006_auto_20180322_0932.py first seen with mtime 1750408554.9371507
File /home/tw/.env/fbenv/lib/python3.8/site-packages/django/contrib/sessions/migrations/0001_initial.py first seen with mtime 1747033758.0990303
File /home/tw/fbclone/facebookclone/facebookclone/apps/fb/migrations/0020_friendrequest.py first seen with mtime 1749461062.0205846
File /home/tw/fbclone/facebookclone/facebookclone/apps/fb/migrations/0019_remove_like_liked_by_remove_like_post_and_more.py first seen with mtime 1749460872.8106775
File /home/tw/.env/fbenv/lib/python3.8/site-packages/django_celery_results/migrations/__init__.py first seen with mtime 1750408554.9891512
File /home/tw/fbclone/facebookclone/facebookclone/apps/fb/migrations/0007_customuser_username.py first seen with mtime 1748584825.2687268
File /home/tw/.env/fbenv/lib/python3.8/site-packages/rest_framework_simplejwt/token_blacklist/migrations/0007_auto_20171017_2214.py first seen with mtime 1748864876.2867959
File /home/tw/.env/fbenv/lib/python3.8/site-packages/allauth/account/migrations/0009_emailaddress_unique_primary_email.py first seen with mtime 1750680940.8488238
File /home/tw/fbclone/facebookclone/facebookclone/apps/fb/migrations/0008_remove_customuser_username.py first seen with mtime 1748586937.5708535
File /home/tw/.env/fbenv/lib/python3.8/site-packages/django/contrib/sessions/backends/db.py first seen with mtime 1747033758.06703
File /home/tw/.env/fbenv/lib/python3.8/site-packages/django/contrib/auth/migrations/0004_alter_user_username_opts.py first seen with mtime 1747033757.839028
File /home/tw/.env/fbenv/lib/python3.8/site-packages/django_celery_beat/migrations/0009_periodictask_headers.py first seen with mtime 1750408554.9411507
File /home/tw/.env/fbenv/lib/python3.8/site-packages/social_core/__init__.py first seen with mtime 1750760834.5689323
File /home/tw/.env/fbenv/lib/python3.8/site-packages/django_celery_results/migrations/0014_alter_taskresult_status.py first seen with mtime 1750408554.9891512
File /home/tw/.env/fbenv/lib/python3.8/site-packages/allauth/account/migrations/__init__.py first seen with mtime 1750680940.8488238
File /home/tw/.env/fbenv/lib/python3.8/site-packages/django/contrib/auth/migrations/0011_update_proxy_permissions.py first seen with mtime 1747033757.839028
File /home/tw/fbclone/facebookclone/facebookclone/apps/fb/migrations/0025_alter_customuser_is_permium.py first seen with mtime 1751260828.4893975
File /home/tw/.env/fbenv/lib/python3.8/site-packages/django_celery_results/migrations/0009_groupresult.py first seen with mtime 1750408554.9891512
File /home/tw/.env/fbenv/lib/python3.8/site-packages/social_core/exceptions.py first seen with mtime 1750760834.5689323
File /home/tw/fbclone/facebookclone/facebookclone/apps/fb/migrations/0017_remove_comment_parent_alter_comment_user.py first seen with mtime 1749126145.1712246
File /home/tw/.env/fbenv/lib/python3.8/site-packages/rest_framework_simplejwt/token_blacklist/migrations/0010_fix_migrate_to_bigautofield.py first seen with mtime 1748864876.2867959
File /home/tw/.env/fbenv/lib/python3.8/site-packages/django_celery_beat/migrations/0011_auto_20190508_0153.py first seen with mtime 1750408554.9411507
File /home/tw/.env/fbenv/lib/python3.8/site-packages/rest_framework_simplejwt/token_blacklist/migrations/__init__.py first seen with mtime 1748864876.2867959
File /home/tw/.env/fbenv/lib/python3.8/site-packages/django_celery_results/migrations/0006_taskresult_date_created.py first seen with mtime 1750408554.9891512
File /home/tw/.env/fbenv/lib/python3.8/site-packages/django/contrib/auth/migrations/0002_alter_permission_name_max_length.py first seen with mtime 1747033757.839028
File /home/tw/.env/fbenv/lib/python3.8/site-packages/social_core/backends/base.py first seen with mtime 1750760834.5729322
File /home/tw/.env/fbenv/lib/python3.8/site-packages/allauth/account/migrations/0004_alter_emailaddress_drop_unique_email.py first seen with mtime 1750680940.8488238
File /home/tw/.env/fbenv/lib/python3.8/site-packages/rest_framework_simplejwt/token_blacklist/migrations/0008_migrate_to_bigautofield.py first seen with mtime 1748864876.2867959
File /home/tw/fbclone/facebookclone/facebookclone/apps/fb/migrations/0005_alter_comment_post.py first seen with mtime 1747888826.2466514
File /home/tw/fbclone/facebookclone/facebookclone/apps/fb/migrations/0003_alter_friendrequest_from_user.py first seen with mtime 1747300910.8412445
File /home/tw/.env/fbenv/lib/python3.8/site-packages/django_celery_beat/migrations/0004_auto_20170221_0000.py first seen with mtime 1750408554.9371507
File /home/tw/.env/fbenv/lib/python3.8/site-packages/django_celery_results/migrations/0003_auto_20181106_1101.py first seen with mtime 1750408554.9851513
File /home/tw/fbclone/facebookclone/facebookclone/apps/fb/migrations/__init__.py first seen with mtime 1744693953.5372388
File /home/tw/.env/fbenv/lib/python3.8/site-packages/django_celery_beat/migrations/0005_add_solarschedule_events_choices.py first seen with mtime 1750408554.9371507
File /home/tw/.env/fbenv/lib/python3.8/site-packages/django_celery_results/migrations/0011_taskresult_periodic_task_name.py first seen with mtime 1750408554.9891512
File /home/tw/.env/fbenv/lib/python3.8/site-packages/django/contrib/auth/migrations/0010_alter_group_name_max_length.py first seen with mtime 1747033757.839028
File /home/tw/.env/fbenv/lib/python3.8/site-packages/django_celery_beat/migrations/0017_alter_crontabschedule_month_of_year.py first seen with mtime 1750408554.9411507
File /home/tw/.env/fbenv/lib/python3.8/site-packages/allauth/account/migrations/0008_emailaddress_unique_primary_email_fixup.py first seen with mtime 1750680940.8488238
File /home/tw/.env/fbenv/lib/python3.8/site-packages/rest_framework_simplejwt/token_blacklist/migrations/0012_alter_outstandingtoken_user.py first seen with mtime 1748864876.2867959
File /home/tw/fbclone/facebookclone/facebookclone/apps/fb/migrations/0006_alter_comment_post.py first seen with mtime 1747895186.7220616
File /home/tw/fbclone/facebookclone/facebookclone/apps/fb/migrations/0024_customuser_is_permium.py first seen with mtime 1750846064.4464877
File /home/tw/fbclone/facebookclone/facebookclone/apps/fb/migrations/0002_remove_friendrequest_userfrom_createpost_created_at_and_more.py first seen with mtime 1747300861.7249687
File /home/tw/.env/fbenv/lib/python3.8/site-packages/django_celery_beat/migrations/0001_initial.py first seen with mtime 1750408554.9371507
File /home/tw/fbclone/facebookclone/facebookclone/apps/fb/migrations/0014_like.py first seen with mtime 1749012961.2902963
File /home/tw/.env/fbenv/lib/python3.8/site-packages/django/contrib/contenttypes/migrations/0002_remove_content_type_name.py first seen with mtime 1747033757.8710282
File /home/tw/.env/fbenv/lib/python3.8/site-packages/rest_framework_simplejwt/token_blacklist/migrations/0002_outstandingtoken_jti_hex.py first seen with mtime 1748864876.2867959
File /home/tw/.env/fbenv/lib/python3.8/site-packages/django/db/models/sql/compiler.py first seen with mtime 1747033758.1790311
File /home/tw/.env/fbenv/lib/python3.8/site-packages/allauth/socialaccount/migrations/0002_token_max_lengths.py first seen with mtime 1750680940.9368258
File /home/tw/.env/fbenv/lib/python3.8/site-packages/django_celery_beat/migrations/0006_auto_20180210_1226.py first seen with mtime 1750408554.9371507
File /home/tw/.env/fbenv/lib/python3.8/site-packages/django_celery_results/migrations/0005_taskresult_worker.py first seen with mtime 1750408554.9891512
File /home/tw/.env/fbenv/lib/python3.8/site-packages/django_celery_results/migrations/0010_remove_duplicate_indices.py first seen with mtime 1750408554.9891512
File /home/tw/.env/fbenv/lib/python3.8/site-packages/allauth/socialaccount/migrations/__init__.py first seen with mtime 1750680940.9368258
File /home/tw/.env/fbenv/lib/python3.8/site-packages/allauth/account/migrations/0003_alter_emailaddress_create_unique_verified_email.py first seen with mtime 1750680940.8488238
File /home/tw/.env/fbenv/lib/python3.8/site-packages/django_celery_results/migrations/0007_remove_taskresult_hidden.py first seen with mtime 1750408554.9891512
File /home/tw/fbclone/facebookclone/facebookclone/apps/fb/migrations/0011_alter_like_user.py first seen with mtime 1749012087.0121045
File /home/tw/fbclone/facebookclone/facebookclone/apps/fb/migrations/0023_customuser_last_login.py first seen with mtime 1750655447.4153779
File /home/tw/.env/fbenv/lib/python3.8/site-packages/django/contrib/contenttypes/migrations/__init__.py first seen with mtime 1747033757.8710282
File /home/tw/.env/fbenv/lib/python3.8/site-packages/django_celery_results/migrations/0001_initial.py first seen with mtime 1750408554.9851513
File /home/tw/.env/fbenv/lib/python3.8/site-packages/django/contrib/auth/migrations/0006_require_contenttypes_0002.py first seen with mtime 1747033757.839028
File /home/tw/fbclone/facebookclone/facebookclone/apps/fb/migrations/0015_comment_parent_alter_comment_user.py first seen with mtime 1749016134.0991373
File /home/tw/.env/fbenv/lib/python3.8/site-packages/django/contrib/auth/migrations/0001_initial.py first seen with mtime 1747033757.839028
File /home/tw/fbclone/facebookclone/facebookclone/apps/fb/migrations/0018_comment_parent_alter_comment_user.py first seen with mtime 1749184081.6033366
File /home/tw/.env/fbenv/lib/python3.8/site-packages/django_celery_beat/migrations/0010_auto_20190429_0326.py first seen with mtime 1750408554.9411507
File /home/tw/fbclone/facebookclone/facebookclone/apps/fb/migrations/0009_like.py first seen with mtime 1748936241.3941593
File /home/tw/.env/fbenv/lib/python3.8/site-packages/django/contrib/sites/migrations/0002_alter_domain_unique.py first seen with mtime 1747033758.1310306
File /home/tw/.env/fbenv/lib/python3.8/site-packages/allauth/account/migrations/0001_initial.py first seen with mtime 1750680940.8488238
File /home/tw/.env/fbenv/lib/python3.8/site-packages/django/contrib/auth/migrations/0005_alter_user_last_login_null.py first seen with mtime 1747033757.839028
File /home/tw/.env/fbenv/lib/python3.8/site-packages/social_core/utils.py first seen with mtime 1750760834.5729322
File /home/tw/.env/fbenv/lib/python3.8/site-packages/django_celery_results/migrations/0004_auto_20190516_0412.py first seen with mtime 1750408554.9891512
File /home/tw/.env/fbenv/lib/python3.8/site-packages/allauth/socialaccount/migrations/0003_extra_data_default_dict.py first seen with mtime 1750680940.9368258
File /home/tw/.env/fbenv/lib/python3.8/site-packages/django_celery_results/migrations/0013_taskresult_django_cele_periodi_1993cf_idx.py first seen with mtime 1750408554.9891512
File /home/tw/.env/fbenv/lib/python3.8/site-packages/django_celery_beat/migrations/0003_auto_20161209_0049.py first seen with mtime 1750408554.9371507
File /home/tw/.env/fbenv/lib/python3.8/site-packages/django/contrib/sites/migrations/__init__.py first seen with mtime 1747033758.1310306
File /home/tw/.env/fbenv/lib/python3.8/site-packages/django_celery_beat/migrations/0019_alter_periodictasks_options.py first seen with mtime 1750408554.9411507
File /home/tw/fbclone/facebookclone/facebookclone/apps/fb/migrations/0004_remove_userprofile_following.py first seen with mtime 1747643114.2112365
File /home/tw/.env/fbenv/lib/python3.8/site-packages/rest_framework_simplejwt/token_blacklist/migrations/0001_initial.py first seen with mtime 1748864876.2867959
File /home/tw/fbclone/facebookclone/facebookclone/apps/fb/migrations/0010_like_user.py first seen with mtime 1749011948.1991494
File /home/tw/fbclone/facebookclone/facebookclone/apps/fb/migrations/0012_remove_like_user.py first seen with mtime 1749012181.080611
File /home/tw/.env/fbenv/lib/python3.8/site-packages/rest_framework_simplejwt/token_blacklist/migrations/0005_remove_outstandingtoken_jti.py first seen with mtime 1748864876.2867959
File /home/tw/.env/fbenv/lib/python3.8/site-packages/django_celery_beat/migrations/0008_auto_20180914_1922.py first seen with mtime 1750408554.9371507
File /home/tw/.env/fbenv/lib/python3.8/site-packages/django_celery_beat/migrations/0013_auto_20200609_0727.py first seen with mtime 1750408554.9411507
File /home/tw/.env/fbenv/lib/python3.8/site-packages/allauth/account/migrations/0002_email_max_length.py first seen with mtime 1750680940.8488238
File /home/tw/fbclone/facebookclone/facebookclone/apps/fb/migrations/0022_delete_notification.py first seen with mtime 1750229196.6911156
File /home/tw/.env/fbenv/lib/python3.8/site-packages/django/contrib/sessions/migrations/__init__.py first seen with mtime 1747033758.0990303
File /home/tw/.env/fbenv/lib/python3.8/site-packages/django_celery_beat/migrations/0002_auto_20161118_0346.py first seen with mtime 1750408554.9371507
File /home/tw/.env/fbenv/lib/python3.8/site-packages/django/contrib/auth/migrations/0012_alter_user_first_name_max_length.py first seen with mtime 1747033757.839028
File /home/tw/.env/fbenv/lib/python3.8/site-packages/django_celery_beat/migrations/0016_alter_crontabschedule_timezone.py first seen with mtime 1750408554.9411507
